-1.5702,3.4969,4.8157,1.8619,-6.019,-9.4389,-4.2527,14.14,21.21,21.688,-0.58015,-14.237,-22.059,-17.136,0.92712,12.606,25.024,15.927,-9.939,-21.101,-16.437,1.7671,18.59,22.105,11.925,-7.8839,-29.02,-23.632,-2.3932,33.253,39.093,21.094,-12.985,-50.178,-53.237,-21.412,15.845,41.64,40.07,14.152,-17.691,-35.982,-27.764,0.25048,29.582,28.9,14.054,-4.6504,-26.391,-20.739,-2.0931,11.369,17.823,3.4532,-16.113,-26.077,-19.533,0.54947,21.118,26.989,12.765,-9.9285,-23.89,-24.859,-0.0551,14.177,27.433,13.003,-6.1957,-27.648,-29.835,-13.026,17.045,39.576,36.702,17.793,-13.813,-33.567,-32.2,-16.608,9.7916,37.363,37.115,16.882,-13.65,-28.093,-32.443,-14.565,15.241,36.407,29.906,10.493,-20.163,-33.161,-20.996,-4.1672,22.818,29.494,14.975,-0.30178,-19.545,-20.382,-9.542,7.3787,21.018,30.241,13.652,-4.186,-24.059,-26.239,-15.407,-1.4939,8.6981,16.35,18.315,1.9232,-8.1245,-18.513,-27.932,-17.58,4.7075,15.778,22.513,19.616,0.89842,-9.767,-25.44,-24.251,-12.433,0.39365,16.166,19.627,14.713,2.5865,-5.5733,-17.61,-13.058,-19.793,-12.585,-2.94,10.749,20.902,23.546,12.844,-2.2967,-22.651,-27.114,-19.094,-2.8361,9.7714,27.492,27.654,12.232,-13.615,-27.676,-25.525,-16.397,3.2169,20.278,20.609,12.1,3.1909,0.42411,-7.2604,-7.2066,-13.622,-13.072,-14.203,-4.0767,11.243,31.916,31.967,18.255,-4.2316,-34.131,-53.991,-37.31,-9.3151,22.532,45.046,41.609,15.6,-15.311,-36.862,-29.702,-20.332,-0.15651,15.883,22.481,16.113,13.701,12.997,-1.9967,-15.071,-27.863,-25.065,-14.908,13.305,38.312,44.614,26.897,-2.916,-34.875,-49.084,-32.979,0.12774,39.572,46.117,29.494,2.2681,-32.366,-36.993,-17.372,12.48,30.112,28.171,3.3532,-20.632,-21.804,-9.9247,2.7955,19.889,20.308,12.346,-1.6854,-14.857,-22.725,-17.971,-2.7453,6.7569,15.138,17.12,7.2431,0.72159,-8.871,-13.076,-8.0402,-8.176,0.58903,8.7572,18.07,20.092,9.5477,-4.7025,-20.87,-34.373,-16.553,6.0551,25.577,36.538,25.073,-5.2298,-26.651,-28.601,-21.647,0.81023
1.9345,7.79,6.5562,-0.95422,-1.7429,-3.7589,-13.032,-10.346,-5.1244,12.15,19.572,16.13,7.8981,-8.2329,-14.949,-20.596,-8.5243,-3.5811,9.349,9.0386,15.016,9.6521,2.8258,-11.733,-20.541,-23.168,-12.391,3.1491,19.045,22.903,17.039,2.9774,-14.968,-20.867,-24.405,-11.72,3.6676,15.398,19.335,14.972,5.3762,-0.40504,-10.636,-14.479,-7.5647,1.9747,8.5788,7.9061,-4.5166,-11.141,-9.4001,0.16805,19.634,26.288,22.34,-0.20597,-25.705,-32.194,-19.444,8.7921,32.812,30.102,17.361,-4.1007,-23.525,-21.139,-11.129,4.2098,15.086,4.524,7.0488,4.3664,3.1486,3.6793,0.1055,-8.1579,-11.523,-5.4883,-0.61887,14.237,17.426,4.1659,2.4401,-6.2581,7.9091,14.843,11.752,2.6721,-14.063,-23.099,-24.195,-1.8366,21.308,33.334,31.151,0.73166,-19.29,-31.572,-27.315,-6.9518,13.929,32.43,26.815,3.1017,-19.383,-32.095,-31.145,-19.248,9.3709,27.82,33.339,27.67,10.973,-11.427,-32.226,-40.228,-16.102,12.272,36.592,41.159,22.509,-5.5263,-34.052,-36.954,-15.361,16.296,31.281,23.878,1.9781,-28.425,-27.918,-17.387,-1.715,23.697,17.289,5.2195,-10.086,-10.52,-3.7354,-3.598,7.6028,4.9157,-0.46362,-5.7264,-8.1808,-6.782,3.045,5.6003,11.178,15.763,14.093,3.9687,1.0027,-8.3254,-13.973,-13.412,-5.0971,7.9521,21.351,21.885,14.275,-7.9324,-22.303,-25.564,-16.459,5.6422,11.862,12.976,-0.54802,-11.984,-10.927,5.4555,23.967,21.854,-0.45807,-25.244,-35.102,-18.697,19.071,48.395,46.703,20.759,-24.612,-50.319,-40.065,-4.2164,37.541,61.993,51.502,1.3201,-50.818,-74.778,-50.84,3.4528,53.836,68.65,47.655,0.22497,-42.795,-65.111,-50.827,-6.2714,36.103,58.911,47.37,16.293,-19.886,-36.261,-36.023,-14.302,3.1306,18.701,19.557,20.16,14.656,4.0967,-8.2419,-25.619,-28.423,-18.204,6.1207,33.745,45.109,37.212,9.5159,-21.502,-38.141,-39.032,-23.432,4.1011,18.644,32.968,31.579,21.643,2.3036,-30.51,-52.302,-51.901,-27.974,16.997,57.795,61.694,39.098,-5.3325,-45.001,-63.58,-42.287,-3.395,27.976,52.153,42.804,14.783,-16.412,-38.884,-35.743,-14.959
-0.10818,-3.5347,-10.137,-5.3038,8.0028,17.096,18.269,16.362,1.0994,-18.113,-32.316,-33.676,-12.427,14.696,40.661,45.742,26.957,-12.273,-43.128,-49.527,-23.304,9.3848,39.12,41.488,20.782,-7.9357,-30.891,-27.882,-11.515,18.34,27.428,19.648,-2.7518,-28.782,-35.338,-24.63,5.4825,26.369,32.05,18.919,4.2773,-11.951,-19.382,-12.376,0.30141,13.815,13.228,9.5227,9.2048,6.7522,-0.13407,-8.7928,-7.7849,-7.348,0.90567,7.0503,9.2312,4.6451,-7.6776,-17.292,-27.88,-17.311,11.158,24.101,28.167,21.66,-6.1343,-26.829,-33.443,-28.393,0.35882,21.386,32.641,32.633,9.148,-16.494,-29.899,-39.437,-19.786,5.1142,24.889,32.754,35.486,13.617,-8.0561,-31.363,-40.186,-29.03,-4.5191,23.182,39.263,42.821,21.62,2.6734,-28.107,-40.045,-27.344,-3.2232,21.991,32.757,27.715,5.4824,-17.111,-26.494,-23.746,-13.21,1.1308,15.285,17.751,14.65,12.275,-3.3432,-12.324,-17.775,-15.186,-12.599,2.0066,5.3928,25.106,24.887,15.073,4.19,-19.13,-34.826,-26.385,-8.3236,16.332,27.491,21.3,4.299,-11.175,-14.457,-12.88,-0.45994,3.8087,3.615,5.943,4.188,3.1802,-6.2925,-2.9182,1.6099,1.4759,11.929,7.9585,11.105,5.6855,-10.972,-18.351,-21.908,-7.3242,22.169,42.131,39.591,12.393,-19.528,-47.246,-47.537,-22.2,9.4277,33.866,42.675,35.48,7.4156,-19.496,-34.61,-30.453,-13.404,10.329,34.164,31.795,17.376,-4.2786,-17.875,-24.881,-19.898,0.45073,17.565,19.645,2.9313,-7.4586,-21.113,-12.595,1.3186,15.998,25.774,15.024,-1.7091,-22.606,-26.023,-13.209,8.1383,18.482,26.976,10.887,-10.954,-28.192,-28.566,-4.4653,14.966,23.237,24.815,11.796,-5.4386,-11.964,-15.375,-5.2625,3.8658,12.395,12.297,5.3153,0.82212,-4.9777,-6.6156,-7.1812,-11.094,-8.9798,-3.6945,1.0228,3.7618,-0.23146,-5.5344,-11.8,-14.308,-0.75774,7.4035,28.442,21.036,12.259,-11.967,-29.424,-37.415,-20.352,6.1499,33.071,46.316,37.588,8.8246,-20.979,-41.454,-45.553,-25.206,10.819,30.172,32.104,16.468,-7.5255,-16.77,-17.324,-10.931,4.4011,5.2527,6.3123,1.9674,1.7923,6.8183
-1.8171,-2.6671,5.5701,2.9166,-3.4106,-2.1596,-3.1762,-3.4956,8.9213,16.461,15.702,7.1751,-9.5668,-29.033,-27.276,-22.118,7.6358,27.823,38.689,27.346,2.3073,-23.473,-27.182,-28.856,-10.202,11.008,23.789,25.797,24.132,13.042,-2.26,-11.509,-26.465,-30.429,-20.81,-4.0955,18.495,32.821,32.879,17.899,-6.8077,-28.704,-38.708,-24.634,2.4681,23.961,35.606,27.279,12.291,-6.035,-17.081,-24.752,-15.129,-3.9407,12.064,17.703,13.109,4.6811,-4.286,-4.5686,-3.1603,-1.9631,-7.3734,-13.801,-18.473,0.93624,21.52,35.696,23.762,-0.63968,-25.48,-38.212,-19.958,7.8751,24.689,29.763,13.13,-11.772,-25.649,-16.587,-2.4441,15.559,16.371,4.7993,-6.9776,-20.213,-18.433,-1.4044,7.9178,13.903,0.77201,-14.565,-6.5988,3.3009,17.215,14.052,1.4491,-16.97,-30.398,-20.399,1.2705,25.444,41.689,33.097,-2.787,-35.174,-56.928,-32.798,2.4922,43.403,55.082,45.828,1.2277,-30.799,-54.222,-39.907,-1.1641,35.767,54.888,33.788,0.7036,-40.652,-47.97,-32.491,5.9475,39.484,47.328,27.012,-10.288,-36.775,-34.02,-23.188,8.3392,18.459,22.475,0.59134,-12.682,-22.14,1.6233,21.682,29.157,11.438,-17.474,-45.912,-40.779,-6.1602,41.006,54.261,23.59,-23.167,-62.843,-63.928,-15.181,35.796,68.711,58.387,7.006,-45.151,-75.089,-58.566,-12.586,29.583,45.15,30.097,0.28959,-20.876,-20.989,-1.5473,16.47,6.7847,-5.7931,-8.0979,0.30502,15.124,38.947,31.058,0.64437,-32.818,-42.765,-34.763,-2.0327,29.493,39.715,21.841,-15.15,-33.249,-37.612,-11.027,26.809,45.368,32.075,-8.0995,-41.168,-42.064,-15.269,31.971,54.381,35.996,-13.181,-52.372,-57.949,-27.361,34.071,67.101,58.548,8.0511,-54.254,-75.951,-56.501,4.2948,59.724,70.594,36.301,-22.127,-64.418,-57.103,-12.609,35.922,60.762,42.878,-0.14045,-38.507,-49.359,-26.614,8.1148,27.027,26.534,3.0862,-17.545,-19.835,-1.6796,21.457,21.04,-1.7222,-27.708,-38.768,-20.088,9.6799,44.886,51.963,25.514,-17.624,-45.165,-53.856,-25.199,13.074,38.578,38.662,18.785,-13.507,-24.869,-20.24,-4.5299,5.7829,7.7923,-0.98766
-5.3957,4.2435,9.1513,10.689,19.206,0.41751,-4.9057,-22.541,-26.732,-10.222,7.37,34.022,31.804,20.506,-15.322,-39.207,-39.342,-16.704,14.197,35.879,30.799,10.833,-6.1062,-20.87,-18.074,-9.2571,0.59547,1.2082,0.89191,7.2825,7.0734,12.812,12.591,4.7076,-9.3978,-17.5,-15.702,2.5674,16.486,29.044,20.015,-7.0173,-25.508,-27.747,-6.7937,14.876,32.155,24.954,2.335,-20.639,-33.311,-23.86,-8.0918,10.538,21.311,21.04,15.612,6.4663,-9.4388,-16.811,-23.75,-24.977,-10.395,12.681,27.32,40.85,35.707,5.7066,-23.812,-43.22,-39.353,-15.238,18.508,40.399,36.93,20.305,-9.0396,-26.25,-24.772,-13.625,3.3122,5.8008,9.17,-1.4998,1.6036,2.9197,5.2889,3.3126,-2.7302,-12.412,-23.69,-16.53,5.1151,18.532,14.674,11.886,-13.798,-24.316,-21.111,-7.6942,9.1404,17.936,20.169,3.9435,-8.0894,-29.414,-27.466,-19.026,13.41,36.264,40.026,23.143,-9.7705,-36.865,-43.891,-24.876,6.5808,32.969,37.918,20.318,-5.9817,-20.05,-28.784,-16.267,-0.13552,11.465,13.454,11.613,12.493,6.4067,-0.31442,-8.315,-16.748,-19.859,-9.557,1.5625,15.424,23.589,17.633,8.858,-6.7384,-22.43,-25.902,-11.153,9.8654,28.592,36.875,28.704,1.3783,-22.119,-36.131,-30.642,-5.4446,12.98,31.246,26.16,27.548,4.4907,-17.755,-30.338,-32.633,-16.926,4.3759,29.253,37.411,33.284,18.784,-16.655,-40.193,-41.623,-16.648,16.622,38.005,41.064,20.29,-6.4117,-26.562,-21.803,-3.4843,3.2077,9.7081,-5.3934,-8.6436,-4.3873,10.029,21.978,22.571,0.69012,-26.51,-25.247,-19.348,14.446,44.171,41.756,13.243,-30.857,-57.866,-41.88,1.2448,43.321,67.163,43.304,-10.23,-54.215,-75.022,-53.603,2.7071,48.174,57.604,38.34,-6.4945,-41.684,-45.137,-18.765,17.635,34.828,20.646,-4.2243,-31.14,-26.894,-4.7172,19.247,30.992,18.125,-6.0474,-28.93,-24.475,-7.6834,15.06,20.47,8.2072,-17.06,-31.815,-22.285,10.491,42.266,41.976,20.553,-22.025,-55.337,-48.525,-5.3362,49.166,66.7,44.881,-11.96,-55.484,-67.862,-39.706,22.08,62.415,60.887,14.503,-31.874,-58.717,-47.475
3.3103,-3.0473,-2.3287,3.2047,19.083,25.074,15.357,-0.09716,-22.696,-29.693,-21.748,1.4527,29.32,41.992,33.693,4.5263,-27.68,-41.658,-26.098,7.0304,27.47,37.374,23.696,-10.816,-45.117,-44.847,-20.057,17.89,52.051,52.13,26.031,-10.77,-45.175,-51.865,-44.85,-12.945,17.378,36.71,40.149,28.117,7.8038,-13.599,-27.861,-39.096,-32.915,-20.399,0.96195,31.93,42.684,38.118,11.673,-20.314,-49.209,-36.328,-10.948,16.958,47.293,39.791,12.562,-17.841,-41.547,-39.843,-17.27,16.174,33.46,35.889,20.337,3.3571,-9.8475,-15.247,-16.889,-18.407,-15.111,-4.6748,9.2281,31.269,34.59,23.78,-0.60605,-29.799,-44.245,-36.581,-9.8079,31.863,52.226,38.793,1.2867,-31.016,-53.054,-38.949,-6.313,26.182,42.913,36.945,4.745,-15.897,-28.04,-36.456,-23.907,-9.3453,11.061,26.822,32.514,30.628,5.8483,-22.765,-39.222,-40.279,-18.397,12.007,36.396,37.723,13.903,-16.473,-33.057,-30.726,-11.895,14.199,19.631,13.759,-5.2671,-13.507,-6.0065,5.9437,3.8089,-0.55898,-16.337,-19.632,-8.0223,18.206,40.32,29.816,3.3652,-23.767,-38.763,-28.613,2.033,24.544,38.148,19.698,-3.4996,-20.493,-23.939,-6.6047,8.095,16.374,11.391,1.5791,-14.557,-15.443,-2.8737,18.454,9.6563,-5.5537,-27.205,-21.094,-3.8869,26.461,38.874,31.748,-3.6956,-33.5,-52.389,-35.259,3.4741,40.115,63.477,38.603,-0.591,-40.587,-51.29,-41.293,-8.3496,32.812,44.902,33.207,-4.8399,-33.742,-43.967,-35.23,-6.4423,21.004,33.874,25.202,10.876,-11.898,-30.176,-27.732,-14.96,4.6179,15.662,5.0845,-4.5758,-12.853,-1.607,7.8271,25.963,27.85,5.6446,-18.982,-40.506,-43.263,-17.665,19.888,49.517,54.938,23.982,-26.827,-67.202,-65.613,-21.175,26.954,68.392,68.849,35.221,-22.889,-59.318,-69.472,-36.264,9.8098,41.824,53.193,32.007,-1.8621,-28.022,-39.171,-32.914,-10.612,11.264,24.705,25.625,15.19,-0.96517,-14.858,-28.318,-26.045,-18.797,1.8354,20.387,26.426,19.993,2.7061,-8.9019,-28.072,-25.6,-14.673,3.5992,16.343,26.674,23.174,10.177,-13.086,-28.834,-29.071,-13.073,1.352
2.6618,3.4515,3.2628,-2.6237,-8.9387,-9.1347,-9.5131,0.66784,14.435,10.332,4.7272,-0.99211,-17.634,-11.518,-10.502,2.9779,19.15,18.105,17.068,8.3742,-9.8685,-22.806,-26.257,-20.106,6.0865,29.546,41.042,29.605,4.5657,-26.687,-31.081,-29.892,-14.007,4.7916,21.274,28.647,27.912,14.442,-3.4375,-19.432,-36.669,-30.743,-17.113,10.224,25.487,34.348,13.485,-1.387,-30.867,-34.946,-31.179,-11.203,18.446,42.455,40.465,21.469,-13.23,-28.263,-39.382,-21.405,-1.017,20.268,26.762,11.041,3.1439,-8.8773,-11.09,-11.046,-3.6184,-2.6501,-2.5753,4.3235,9.2366,12.705,3.7734,2.0053,-4.0178,-15.493,-13.059,-5.993,0.86817,13.912,20.79,22.467,10.256,-12.428,-30.673,-41.659,-34.618,-3.8814,35.954,59.559,53.773,15.459,-34.384,-59.918,-56.916,-20.152,22.783,43.23,43.492,25.583,5.6819,-18.417,-26.857,-27.327,-24.987,-14.762,4.988,18.758,38.466,39.406,13.967,-19.323,-43.441,-50.009,-20.168,23.661,61.07,63.347,33.889,-24.104,-68.007,-69.465,-38.8,18.698,60.64,62.847,28.06,-17.584,-48.278,-53.979,-24.267,2.5395,19.744,28.272,21.487,11.547,4.0682,-9.8635,-20.087,-29.266,-21.427,3.2393,23.054,35.121,31.248,-1.8441,-25.44,-49.679,-38.387,-16.708,21.587,42.505,37.933,15.719,-7.3503,-24.038,-23.611,-8.9991,-2.8629,-0.96287,-2.1033,-4.6131,4.6915,23.376,28.921,17.378,-4.6394,-36.543,-36.772,-23.121,15.134,40.485,41.81,10.96,-16.858,-37.965,-29.234,-5.8953,20.466,22.382,20.017,-2.8152,-19.193,-23.764,-5.897,12.535,26.927,21.156,0.28973,-18.843,-24.669,-14.783,7.4475,23.071,22.917,5.664,-13.266,-23.772,-22.494,-5.4815,9.4053,15.055,19.318,10.036,-0.93011,-14.935,-14.684,-6.3405,-7.9065,-3.9557,-5.1032,4.8962,6.1314,10.365,16.897,10.784,-3.0686,-15.824,-22.736,-6.0578,11.821,18.516,28.354,19.939,-6.7634,-27.491,-52.43,-40.104,-5.5231,37.066,57.127,50.652,10.29,-35.185,-53.971,-46.175,-12.799,29.332,46.172,42.11,15.524,-15.081,-28.008,-25.476,-15.839,-1.4721,13.895,31.217,29.501,14.578,-10.486,-28.676,-42.362,-23.497
-2.2881,1.1998,-11.183,-9.8502,-7.0345,-0.34672,12.291,13.328,8.9275,-8.686,-25.208,-25.915,-9.4402,11.606,22.49,23.011,6.1528,-21.71,-32.56,-22.866,-2.2102,24.123,37.791,31.917,6.8161,-18.226,-29.387,-27.691,-15.706,-2.761,14.749,9.6602,7.8897,5.1618,0.51744,-1.1631,-7.6996,-13.329,-13.447,-9.4113,-4.6565,2.831,17.6,21.201,18.81,9.8646,-10.254,-24.985,-27.605,-17.465,-0.92254,26.014,32.128,20.444,10.034,-11.15,-24.44,-23.995,-20.302,-5.565,10.565,24.542,18.271,6.9271,-3.7066,-9.9472,-7.3749,-4.5779,-0.66904,-5.3496,-4.5367,1.7879,15.894,31.044,23.932,1.6778,-19.73,-33.02,-20.64,-1.6055,20.196,35.494,29.295,7.9119,-12.275,-35.491,-37.33,-22.473,-6.1509,20.522,24.607,31.405,10.5,1.6838,-16.175,-24.478,-21.935,-3.789,5.1336,11.265,17.777,-1.403,0.91299,3.7311,4.2063,5.8767,-3.7879,-12.427,-9.4381,-3.0234,7.2351,17.193,21.542,11.407,-7.0207,-21.441,-27.316,-12.482,14.382,29.597,30.393,12.918,-11.006,-29.165,-28.944,-10.602,14.491,30.121,22.222,-1.4462,-23.61,-27.721,-10.329,10.355,25.853,27.92,4.4448,-19.611,-26.636,-15.015,7.1,25.333,23.426,13.136,-8.1991,-19.912,-17.765,0.54981,21.48,14.779,0.91835,-13.73,-20.492,-9.9739,15.299,28.559,21.367,-4.5559,-31.907,-41.139,-20.566,2.3493,36.968,47.411,32.341,-5.1615,-39.962,-52.439,-34.808,7.6812,42.152,50.862,37.103,-1.2624,-31.395,-51.117,-34.621,-12.753,20.317,37.265,36.904,17.177,-2.9585,-23.954,-27.081,-20.646,-4.7502,17.309,29.604,23.711,11.296,-1.2213,-18.793,-23.783,-9.4057,-6.497,4.7536,14.837,8.4262,11.121,-6.1391,-9.9729,-13.098,-1.7216,0.95678,4.9633,4.854,6.4886,3.3169,7.1212,6.6037,3.2885,-4.7974,-12.548,-19.291,-10.654,4.361,24.873,34.441,23.564,-6.3563,-27.299,-35.608,-28.824,-7.2348,19.24,27.11,28.78,8.2792,0.76964,-6.7768,-13.642,-20.034,-14.973,-13.329,0.059079,22.276,41.043,45.612,23.402,-8.2728,-50.987,-65.846,-45.857,-0.25256,46.796,71.018,52.477,5.4153,-44.107,-74.476,-63.571,-16.81,35.412,62.316,59.772
4.309,-1.5741,4.2292,7.5329,4.188,0.83528,-2.9844,-10.561,-8.2088,-9.4592,-3.6424,4.7197,14.965,14.973,13.969,8.5529,-10.975,-22.322,-26.261,-15.411,9.547,22.297,27.493,17.647,0.075871,-17.003,-33.692,-23.928,-7.4055,5.5394,20.874,26.958,20.158,10.416,1.3106,-17.548,-20.967,-18.318,-5.4018,7.6877,16.735,6.8474,-5.1591,-8.7194,-11.61,-0.58241,11.578,10.203,0.73977,-14.248,-21.836,-18.895,5.0536,22.857,23.905,12.091,-12.886,-28.331,-23.264,-2.9354,26.647,36.251,17.288,-15.106,-36.907,-37.085,-5.025,27.314,51.957,39.046,11.241,-23.044,-45.439,-37.394,-12.402,22.581,32.167,20.557,-2.435,-19.795,-20.26,-5.5639,9.9566,21.581,9.4244,-11.957,-20.886,-10.853,12.478,29.679,24.356,4.82,-21.866,-24.177,-0.86101,24.455,33.924,15.038,-15.626,-39.402,-42.157,-5.8713,35.292,62.814,40.136,-11.756,-53.728,-67.006,-33.36,30.895,71.885,65.786,11.35,-48.075,-73.389,-50.706,-0.47524,50.949,61.341,25.203,-18.118,-54.593,-44.886,-3.1236,39.93,48.796,19.878,-24.221,-50.679,-36.672,2.1803,35.962,36.329,7.8555,-27.763,-43.284,-24.771,19.787,44.456,40.804,3.7472,-45.8,-62.218,-39.812,15.545,53.39,61.899,20.154,-36.401,-61.507,-52.411,-3.4534,48.297,60.891,33.43,-18.341,-57.439,-52.841,-18.675,27.904,53.723,37.511,-4.8743,-46.22,-57.445,-22.656,20.836,54.817,47.961,10.948,-32.155,-50.596,-36.663,12.012,44.006,44.115,21.222,-22.957,-36.427,-33.607,-11.468,16.282,35.829,26.526,6.097,-16.537,-25.672,-24.935,-12.222,-4.9284,6.6484,8.0932,13.259,11.902,1.0601,-6.837,-16.713,-15.082,-5.5605,3.3651,8.5302,6.0335,4.6136,12.407,9.2989,10.282,-2.1273,-20.336,-18.492,-11.114,4.9315,12.584,15.477,10.364,-3.663,-9.031,-9.4755,-0.55086,9.8208,15.455,2.3839,-4.5707,-10.942,-8.0951,-5.9524,-0.31959,13.245,21.859,8.1845,0.79605,-9.4534,-20.751,-9.9644,5.5359,24.421,25.271,17.523,-10.535,-35.535,-44.442,-21.83,10.132,39.781,37.6,14.582,-22.68,-49.237,-41.045,-13.916,28.41,48.584,42.856,11.317,-27.187,-40.266,-31.587
-2.8179,2.5935,4.9453,-0.52359,-0.56893,-8.8018,-10.636,-8.6671,2.8065,16.041,21.899,5.6486,-3.7905,-20.634,-25.232,-23.08,-3.9869,11.492,28.281,26.498,16.302,-4.1519,-26.152,-25.553,-21.035,-9.998,4.0113,20.447,24.948,17.354,15.467,0.98343,-16.881,-36.104,-40.358,-27.622,5.4043,39.957,57.493,47.188,10.724,-39.833,-66.805,-65.438,-32.351,24.131,64.886,75.042,44.091,-2.2942,-42.528,-55.674,-44.457,-14.711,16.441,31.375,38.316,27.711,18.542,-6.3619,-14.763,-27.954,-22.856,-17.838,4.1936,25.569,38.696,33.29,15.029,-12.927,-35.978,-33.708,-11.954,9.9835,32.436,30.835,8.2143,-13.413,-17.799,-22.543,-8.4349,1.9103,7.4969,4.614,1.3568,6.3748,9.8386,21.091,8.4858,-6.2379,-23.012,-33.196,-24.246,-2.0303,31.25,50.728,48.244,14.93,-22.731,-56.872,-57.405,-30.446,15.461,55.547,70.703,54.669,10.688,-31.742,-55.875,-55.665,-31.101,5.6785,42.44,62.736,38.057,0.80808,-37.308,-61.599,-58.436,-24.999,17.322,48.331,55.261,42.694,6.4346,-31.341,-51.297,-45.931,-16.611,14.219,47.85,52.15,29.541,-3.6749,-36.945,-47.974,-32.021,-4.1434,23.16,29.831,22.616,1.4932,-17.475,-20.018,-5.4405,5.8412,6.9237,-3.2392,-8.5847,-15.662,-5.2202,10.452,20.514,15.972,5.9677,-8.2371,-21.939,-23.634,-12.452,1.833,17.058,25.471,18.522,7.602,-15.73,-23.735,-25.065,-4.6498,14.87,33.803,21.574,13.98,-12.041,-23.562,-25.045,-18.107,1.5997,19.232,29.712,20.135,1.9859,-15.651,-22.481,-18.424,-13.141,5.3177,19.259,20.528,11.481,-1.835,-12.341,-15.434,-11.969,-8.3162,8.0235,14.322,13.51,16.745,8.5015,-1.4519,-15.873,-27.09,-12.279,2.327,24.34,28.805,14.567,-1.305,-27.902,-34.004,-19.949,9.218,35.139,35.805,18.938,-11.724,-34.652,-29.107,-2.0406,24.414,42.154,35.781,6.904,-28.893,-37.478,-23.963,5.1605,26.253,31.977,13.511,-8.4836,-23.491,-16.726,-4.4032,18.201,20.951,10.055,-11.533,-26.563,-27.386,-6.2479,10.8,27.545,24.716,5.5199,-15.271,-29.099,-25.209,-2.2102,20.272,23.645,20.382,-1.3316,-19.802,-21.249,-11.914
0.22322,-0.92252,-10.187,-4.6355,-1.2415,17.892,15.097,11.254,-5.8305,-13.045,-13.191,-5.1664,9.0266,9.4668,13.481,10.51,2.0913,-6.6107,-4.7479,-5.7338,-0.19056,3.8663,8.542,16.108,5.0465,-6.7556,-15.562,-19.18,-8.3724,5.1618,8.4577,12.028,-0.33085,-7.1492,-2.0858,3.9728,-3.3741,-6.2157,-13.555,-16.344,-0.9339,24.675,39.24,31.992,7.4479,-32.819,-54.593,-46.094,-15.248,29.411,56.841,42.855,6.1041,-32.546,-54.353,-40.473,-4.5459,30.267,40.671,22.658,-4.171,-30.054,-29.674,-11.145,9.22,21.704,22.069,6.3265,-5.1225,-8.9789,2.2374,8.076,5.2887,-0.045516,-21.585,-15.267,-3.0365,23.875,27.075,20.306,-3.822,-32.122,-32.767,-18.119,4.0625,34.362,37.247,24.932,-1.5853,-25.18,-25.383,-13.191,2.728,12.244,9.4112,3.7995,-1.1853,-4.7932,2.1899,10.995,8.9919,-12.114,-24.211,-20.625,-10.028,17.921,32.711,31.514,13.155,-18.021,-34.756,-29.6,-10.776,10.652,25.62,22.292,6.0839,-6.7093,-13.584,-8.7578,1.0564,3.6206,2.0146,6.1776,11.834,3.7202,11.974,0.7246,-6.2787,-22.943,-22.72,-13.091,13.175,30.828,27.205,5.0142,-20.639,-30.722,-20.711,8.5126,32.195,34.909,10.987,-16.826,-31.571,-15.008,9.9745,35.444,34.362,7.9593,-21.032,-42.621,-36.133,-8.4979,31.381,51.19,36.799,0.73999,-29.522,-51.19,-30.31,12.398,39.56,46.121,12.685,-19.955,-38.02,-27.87,7.9927,37.407,39.913,20.462,-14.054,-35.445,-30.708,-9.531,17.799,32.95,19.299,-6.2536,-22.083,-19.651,-10.499,6.1485,16.921,9.5668,1.1659,-4.3655,-10.417,-1.4555,3.7898,4.2717,-3.016,-9.3321,-8.0855,0.047997,10.707,11.462,5.9517,-2.1037,-12.242,-10.603,-7.2264,4.556,10.639,12.925,8.7098,4.1433,-5.5711,-8.0651,-2.5619,6.0543,7.3881,9.1998,9.7959,4.5513,2.2365,-2.4943,-2.5879,-1.5114,2.4056,6.3141,9.6786,7.0388,-6.805,-13.334,-8.4436,-1.5863,14.832,12.358,12.857,0.13711,-6.154,-12.641,-14.1,-9.0366,1.9756,4.952,7.8242,16.241,14.266,7.2267,-6.1371,-15.368,-25.924,-20.787,-10.909,7.8701,21.298,18.241,16.647,-5.1628,-19.775,-25.28,-16.486,0.69045
3.1106,-1.0503,-1.7473,10.923,2.595,2.4274,-4.8185,-4.2973,-10.845,-1.2762,8.9809,13.214,3.0842,-2.1512,-15.082,-7.5821,-7.6395,4.0754,13.382,10.053,-3.3764,-12.703,-14.651,-7.4976,4.027,3.2212,6.8541,6.5163,-10.286,-11.551,-11.092,-0.47861,8.64,12.438,6.1286,-8.3076,-16.921,-14.807,-6.2198,14.704,17.141,8.0207,-0.40049,-19.434,-18.853,-3.7116,18.457,29.276,25.277,-3.9743,-22.982,-30.559,-15.767,6.4858,35.586,28.694,8.1274,-21.61,-39.931,-28.166,-5.2867,25.215,34.28,20.84,-1.547,-22.349,-27.59,-13.55,9.2264,14.511,10.329,5.4517,5.5059,10.338,5.7031,7.1549,-7.6458,-16.134,-22.53,-9.4021,8.9135,30.441,25.804,9.2064,-13.674,-37.93,-36.451,-11.735,25.221,46.06,40.015,14.993,-17.527,-44.584,-35.397,-10.134,23.109,40.279,30.282,2.48,-20.578,-29.727,-15.969,10.389,19.557,18.16,6.5631,-9.9438,-18.632,-11.001,2.9113,9.7307,17.583,3.8979,-8.1013,-15.348,-13.31,-6.4763,6.035,14.572,6.0702,-3.23,-3.793,-1.0883,9.093,19.024,16.427,1.464,-17.376,-27.266,-21.754,-4.5481,19.109,31.314,20.288,5.2452,-12.928,-25.759,-17.481,-15.847,0.49103,5.7303,3.5093,10.502,2.8434,4.1134,-2.3933,-9.2827,-13.869,-12.715,-3.383,9.472,16.535,30.308,16.457,0.96261,-27.074,-30.237,-25.212,-9.8123,17.881,36.508,34.39,9.7014,-16.084,-36.306,-38.156,-17.051,9.2426,31.653,37.535,22.387,2.9147,-25.001,-30.384,-19.672,2.0769,18.512,26.261,15.686,2.3343,-10.335,-15.977,-4.9886,9.5483,16.571,6.6861,-4.2581,-12.563,-7.4922,1.11,19.074,23.297,13.317,-4.2755,-19.884,-20.584,-12.018,3.8605,17.19,21.338,13.285,-1.9923,-12.372,-15.358,-7.7777,-6.4226,-2.4978,5.0047,8.2075,9.5306,11.836,8.354,-1.3464,-8.9524,-14.619,-13.919,-5.0968,7.6481,3.8485,2.5707,2.5446,11.528,15.116,12.94,-3.4274,-20.663,-29.323,-17.091,-2.0773,13.352,21.181,5.8877,-2.3579,-7.3708,-2.5965,0.41601,10.324,-4.0872,-7.3417,-12.016,-7.9784,-2.1665,7.3156,9.9794,-1.2184,-8.9534,-20.56,-10.107,8.0604,19.773,9.6252,-3.578,-17.854,-28.24,-9.5767
-3.9993,-5.0185,-11.634,-7.6701,-6.5019,-7.5298,11.287,8.6473,16.475,10.535,-1.635,1.9235,-5.5676,-6.236,-4.5345,-14.2,-12.799,-2.6734,-0.17383,7.5119,9.4699,2.8881,0.39691,-11.516,-9.6132,-7.1864,2.2509,1.4454,3.9029,5.8139,9.3731,-1.7607,-13.92,-24.969,-28.35,-10.979,14.247,38.55,42.197,16.352,-18.28,-40.944,-40.306,-20.59,15.252,34.077,32.349,21.888,8.7129,-8.5352,-15.235,-19.009,-14.249,-12.445,-10.525,4.9682,19.148,34.153,32.147,10.465,-20.857,-44.061,-44.369,-25.393,15.388,43.208,45.238,24.625,-0.47457,-27.042,-36.61,-28.483,-8.4634,11.685,20.37,20.755,13.935,1.7206,-12.267,-15.899,-17.137,-19.53,-4.6861,2.0103,23.668,24.154,13.376,0.99533,-10.791,-25.026,-20.389,-9.5583,11.934,21.57,22.161,10.995,-0.39301,-14.331,-20.773,-12.287,-6.3246,3.4407,9.9017,10.74,6.0322,2.2854,-0.057376,-0.3157,-6.1514,-11.68,-7.8865,-5.7399,-0.98422,3.7168,5.8256,1.267,-2.8122,1.3812,-1.3086,0.11307,3.6768,4.7671,11.035,-4.7126,-12.946,-10.768,-9.4124,2.0201,12.734,27.648,16.789,2.5882,-11.278,-14.69,-10.843,-2.6278,5.6039,4.3559,-0.93779,-1.2502,3.6857,9.8191,11.398,6.808,-4.0558,-12.795,-18.173,-9.4903,1.3904,13.289,14.842,10.866,1.6816,-5.534,-7.6423,-8.814,-10.636,-13.134,-13.935,-2.6868,15.724,29.479,29.677,10.586,-14.181,-40.43,-42.646,-21.225,16.699,54.002,60.184,31.373,-13.214,-56.095,-68.854,-31.762,22.335,68.029,69.893,34.044,-16.765,-58.007,-61.477,-23.418,28.123,54.506,44.011,10.054,-31.344,-50.056,-30.994,5.2026,36.392,46.195,24.489,-21.148,-44.043,-42.635,-7.3974,22.628,40.41,23.77,-4.7109,-27.197,-34.046,-9.2114,19.54,29.239,13.071,-14.182,-31.512,-20.893,6.5988,32.961,37.432,18.553,-14.565,-39.104,-42.602,-10.453,24.388,45.251,38.733,3.8448,-31.18,-50.454,-41.249,-0.60897,31.867,48.031,32.429,-5.7158,-29.926,-47.523,-26.181,15.986,33.566,45.501,19.745,-8.0536,-25.653,-26.121,-4.6391,12.676,17.206,-7.6699,-24.074,-33.301,-12.534,15.39,35.345,41.578,16.727,-18.342,-35.294,-26.328
-2.9483,-7.7199,-8.7764,-3.6955,-3.4674,4.4337,6.6641,2.3259,-3.4534,-15.975,-16.151,-15.134,3.1226,15.648,22.043,9.2788,-5.3521,-21.147,-26.158,-18.659,-4.2771,19.792,20.768,5.9844,-4.5913,-11.579,-9.037,7.5567,18.425,10.033,-11.883,-35.151,-41.256,-22.153,19.308,44.987,56.409,28.729,-11.711,-54.562,-58.89,-30.257,11.347,46.154,48.79,29.298,0.083337,-32.828,-43.564,-30.786,-5.5092,20.048,39.264,32.02,17.473,-5.0947,-21.268,-24.05,-19.505,-2.341,8.9403,17.444,20.796,18.348,2.5891,-13.157,-27.735,-27.888,-13.448,9.538,33.456,42.748,23.715,-3.6345,-30.146,-40.409,-26.663,1.1345,33.357,42.417,31.721,9.2507,-20.333,-41.083,-39.647,-14.84,17.016,33.665,35.118,16.89,-11.861,-27.102,-29.589,-17.028,8.4638,22.534,23.526,23.21,15.997,6.8799,-7.9629,-24.875,-36.662,-34.821,-10.761,26.628,55.508,57.103,34.907,-8.9549,-58.134,-71.847,-48.464,3.5716,52.751,80.027,67.08,24.326,-37.777,-74.501,-75.639,-38.403,12.965,53.957,67.37,48.896,10.188,-26.81,-52.62,-50.225,-29.737,6.8602,35.374,53.979,54.975,25.412,-17.105,-49.348,-59.52,-44.998,-9.4791,41.88,68.626,66.181,22.186,-28.351,-68.189,-74.814,-37.989,15.661,68.135,83.452,51.324,-7.4033,-58.809,-77.506,-56.88,-2.5751,37.251,63.858,49.991,8.903,-26.057,-46.237,-42.984,-20.587,1.2345,17.251,28.646,28.575,15.312,-1.8191,-21.148,-32.288,-24.689,-5.9116,6.401,19.314,17.39,5.6898,-0.1389,-14.977,-18.662,-16.9,-6.7586,3.8204,16.152,21.414,22.591,12.556,-8.317,-25.233,-17.337,-10.017,9.4307,20.594,19.425,1.7047,-6.1899,-20.872,-22.789,-10.588,5.585,12.129,13.339,7.2336,-3.3754,-6.7917,-11.39,-0.056216,9.8257,6.8657,5.9117,-6.3496,-11.211,-16.877,-11.69,2.3915,14.718,23.456,12.807,-4.2748,-17.97,-24.351,-17.602,4.8282,21.644,19.95,22.388,1.7254,-17.355,-31.106,-15.361,-2,18.756,23.748,18.459,2.0154,-9.8374,-11.385,-13.573,-6.7626,-1.6995,5.6005,8.0813,9.4072,13.06,10.425,-0.79323,-14.929,-28.561,-20.83,-0.24903,20.844,32.127,30.581
-1.5094,-0.79244,2.412,4.8634,5.1062,1.5628,-3.6714,-13.508,-12.359,-1.1088,12.865,25.209,21.195,9.3453,-14.715,-31.084,-31.15,-12.639,1.2909,23.395,32.389,17.168,0.13846,-15.731,-30.403,-23.586,-10.662,3.673,21.197,17.162,17.297,8.6581,-1.2495,0.16472,-12.339,-5.7612,-12.347,0.95984,4.7078,5.0471,20.955,17.286,14.657,2.0167,-15.249,-26.371,-32.497,-14.485,12.583,28.094,30.295,18.298,-6.8508,-18.336,-25.827,-14.12,-3.8527,6.5147,13.502,17.536,18.896,20.532,9.9226,-12.408,-29.403,-35.71,-19.277,9.4098,33.208,46.569,33.38,1.2314,-26.261,-35.232,-24.889,-5.156,15.028,16.662,5.1843,-7.0543,-9.1087,-7.7034,13.38,16.099,8.2089,-4.8667,-28.009,-33.259,-19.084,7.6323,25.083,36.016,13.457,-4.3157,-27.459,-31.709,-24.679,-4.7518,7.4967,12.562,16.334,17.056,8.4834,9.9807,-1.2746,-8.4365,-19.495,-20.154,-11.357,12.749,15.112,19.135,5.0369,-9.5268,-21.708,-12.198,-8.747,0.96443,11.45,16.287,7.4118,-3.9431,-12.285,-13.825,-7.8318,3.2897,10.924,7.3829,-1.9553,-12.375,-15.554,-6.1919,10.161,17.455,22.133,8.8096,-7.3321,-23.494,-22.667,-5.6971,10.07,25.543,20.562,9.3727,-9.9401,-31.17,-23.897,-12.806,5.4252,17.166,24.081,15.14,4.6039,-6.0703,-21.367,-23.17,-16.871,-3.5484,14.815,19.223,25.024,12.288,-7.6391,-28.549,-27.967,-16.391,15.008,31.205,30.383,15.647,-13.953,-31.136,-28.421,-8.7028,11.384,21.647,18.035,8.4306,-8.2519,-13.552,-10.215,-7.0786,-9.0782,-11.447,-7.6677,5.1771,13.788,24.857,11.67,-14.678,-32.757,-37.939,-15.577,18.848,51.277,47.639,21.813,-22.24,-45.916,-44.444,-7.6708,27.269,49.285,43.838,7.4906,-22.607,-46.511,-26.188,-5.4657,19.356,26.526,13.541,0.79091,-13.22,-10.549,-3.457,-5.193,-8.2092,-21.358,-21.147,-4.4851,28.76,50.964,47.135,11.572,-36.847,-63.535,-51.073,3.3333,48.859,68.287,57.673,5.1364,-47.805,-70.175,-59.252,-5.5718,39.846,56.708,41.775,0.065233,-27.729,-43.286,-27.364,-4.1006,21.199,30.826,17.279,-1.2022,-8.3568,-6.5716,-1.6943,-7.3615,-9.3737,-10.91,-4.7818
-1.4512,1.4683,1.7725,-7.0125,-13.048,-14.562,-11.026,-3.0334,15.728,25.203,24.143,9.9168,-13.271,-30.05,-37.781,-23.909,3.2511,39.45,52.792,42.344,7.1563,-33.59,-49.271,-47.629,-11.234,30.537,52.59,53.565,24.121,-15.702,-41.126,-40.093,-27.726,5.3612,18.151,25.778,19.02,5.4867,1.4174,-6.1603,-9.8812,-6.8599,-17.248,-17.376,-9.0038,11.285,30.619,32.218,17.862,-8.84,-45.394,-50.264,-28.161,19.499,63.902,72.491,39.76,-15.175,-67.026,-85.678,-49.368,11.479,65.458,79.59,47.333,-1.7297,-50.748,-53.217,-28.842,5.0786,25.454,31.299,10.821,-5.5957,-10.165,0.83284,11.893,14.007,-4.5683,-36.401,-41.683,-22.788,17.13,43.127,52.72,30.492,-5.4234,-35.236,-44.754,-16.918,14.016,38.346,29.756,7.6693,-15.432,-18.851,-16.442,-0.38378,4.6631,0.71127,0.89215,-6.2078,-1.2484,13.8,14.984,7.4901,-9.2607,-26.129,-32.477,-23.562,4.1682,25.752,35.813,32.673,5.2345,-28.595,-50.177,-45.512,-22.415,19.384,40.355,46.406,24.973,-16.268,-30.885,-43.509,-20.616,2.678,25.463,39.918,23.944,7.4661,-13.309,-22.287,-15.701,-21.194,-4.6987,11.998,22.515,32.061,25.047,6.3946,-13.592,-38.922,-40.637,-23.154,19.961,47.608,52.045,27.326,-5.9672,-35.901,-38.417,-25.04,3.108,21.713,29.691,21.572,8.9049,-1.1687,-10.591,-7.6936,-6.7448,-9.6992,-6.4167,-2.4044,8.3035,16.282,18.303,11.854,-1.7361,-4.1203,-10.267,-11.155,-9.3428,-5.1918,-1.6579,4.5818,8.4859,9.6202,2.0999,-1.7908,-15.28,-17.262,-12.045,-2.8753,11.578,24.247,20.903,5.4543,-2.8234,-14.553,-17.292,-11.139,4.425,10.71,17.408,2.8879,-6.446,-16.803,-13.457,-5.2477,6.482,8.6613,4.8116,-2.6042,-9.5218,-0.5577,0.98711,9.8132,8.1108,-1.1667,-7.4365,-6.0981,5.728,10.032,10.083,1.0393,-18.669,-18.775,-17.585,17.464,34.566,38.42,10.803,-24.384,-57.162,-49.068,-17.429,35.186,72.192,64.312,11.831,-51.481,-83.504,-64.135,-1.8452,64.147,93.074,68.22,0.83718,-59.724,-84.587,-59.029,-2.2462,46.726,55.266,32.034,-2.9649,-29.18,-33.228,-16.896,1.7007,8.7124,0.69221,-6.2709
2.7266,2.5694,4.5752,9.0456,5.1811,2.0828,-2.0843,-21.254,-30.218,-20.2,1.5429,26.883,33.338,25.248,-3.1699,-29.942,-37.824,-27.009,-2.017,18.807,28.897,21.958,1.2427,-10.861,-12.553,-7.1583,3.1339,-4.4952,-9.3796,-12.73,-3.6089,11.828,24.672,33.303,11.019,-24.984,-41.627,-41.301,-16.051,26.601,53.025,50.881,18.21,-34.942,-59.875,-52.342,-9.3597,32.541,55.423,40.097,0.91134,-29.043,-40.962,-24.36,4.993,25.536,22.001,6.4056,-20.831,-20.259,-3.2996,22.067,36.242,26.617,-4.2863,-39.295,-46.238,-23.158,15.409,47.372,52.065,21.58,-18.47,-50.569,-48.442,-15.476,19.171,46.588,44.258,17.431,-24.593,-48.363,-33.788,-9.4223,28.132,47.494,34.318,9.1764,-18.526,-27.455,-23.334,-3.7281,4.2699,9.7372,13.594,-1.667,-1.5194,-3.8723,3.26,12.746,6.1771,-0.3169,-9.7068,-16.209,-10.458,0.11836,20.116,21.303,21.622,8.2131,-7.415,-23.507,-30.815,-17.837,17.726,30.604,39.395,25.098,-1.1798,-26.312,-40.659,-28.395,-0.025514,37.417,45.906,34.178,6.8151,-27.13,-41.621,-36.084,-6.5166,16.275,30.089,25.692,19.824,12.554,-3.3935,-1.071,-14.18,-25.824,-40.098,-28.733,4.7191,42.826,61.843,50.922,8.3478,-46.166,-79.255,-68.99,-14.803,45.372,84.066,73.079,21.968,-42.809,-84.934,-70.508,-24.526,42.513,79.007,64.099,23.378,-26.667,-52.87,-41.943,-20.939,19.551,31.546,26.57,7.8703,-4.7116,-7.028,-1.6019,4.0969,-1.3849,-6.3929,-9.429,1.8397,7.6248,15.134,9.1731,-3.4715,-18.463,-24.198,-5.4599,13.808,29.015,30.382,5.9734,-16.548,-29.847,-21.203,-1.2177,18.086,24.214,22.607,2.2953,-10.889,-18.468,-14.997,-4.6588,5.4235,15.63,12.03,7.5838,-4.8428,-9.8011,-10.515,-10.807,-5.2153,-5.4036,-0.5149,7.0169,17.537,23.585,12.007,-9.3226,-25.51,-30.041,-16.499,11.949,37.126,40.147,14.184,-22.97,-46.094,-42.598,-16.099,28.34,53.265,45.873,11.537,-35.609,-53.28,-38.042,-5.3083,41.255,57.585,41.248,1.5206,-31.428,-49.154,-35.095,-1.9325,20.295,33.315,25.3,3.2534,-19.525,-18.138,-7.5561,5.7805,1.6683,-1.8789,-9.4174
-0.57263,-0.77605,0.4386,0.63922,5.6471,-0.083246,-6.9026,-12.305,-9.9555,-3.5346,11.696,22.278,20.083,11.892,-16.992,-21.545,-24.432,-14.868,12.893,25.657,28.426,7.9089,-12.983,-26.207,-18.984,-0.82261,15.611,18.213,9.1145,-7.302,-9.3664,-9.8683,0.17352,20.303,18.343,-4.1615,-24.176,-32.291,-20.036,-4.3013,8.7508,22.218,15.931,-3.3038,-12.139,-15.537,-7.1511,5.7784,14.69,19.678,10.186,0.29635,-16.865,-19.183,-8.8991,3.8008,16.941,11.793,7.7637,0.83068,-3.0214,-7.4867,-5.3944,-5.3493,-9.4003,-3.9839,0.58701,7.5378,6.3177,9.7742,3.6705,-1.3739,-8.0792,-10.319,-1.5029,10.264,16.09,12.167,2.2961,-7.5137,-8.2618,-12.561,-6.7133,-5.1914,-1.5768,10.61,14.642,14.667,10.611,-3.8607,-22.769,-24.045,-15.619,5.5053,17.551,24.553,12.497,-1.4715,-13.849,-22.918,-11.715,-1.2148,12.569,20.91,7.9567,-7.9052,-12.884,-16.081,-8.1888,3.8507,9.1221,10.325,-0.1087,-12.061,-22.157,-13.062,-3.0569,15.067,16.335,19.558,4.2312,-5.1079,-14.162,-14.983,-7.3535,0.97251,7.9971,10.298,7.2561,8.5105,2.9732,8.2852,4.7175,1.3158,-10.777,-12.196,-17.51,-3.6054,6.9286,15.518,19.141,12.462,0.33309,-12.959,-26.548,-20.552,-9.4226,12.528,30.207,36.798,25.271,3.3378,-21.889,-37.293,-29.61,-3.6526,23.793,38.555,29.101,8.7712,-13.632,-31.113,-34.301,-13.77,9.3138,27,44.039,32.71,9.3115,-18.84,-38.594,-39.967,-25.594,5.0573,33.959,39.826,32.232,-1.3131,-27.893,-41.907,-31.255,-5.4336,10.393,23.06,16.557,8.1913,-7.6399,-14.412,-19.455,-13.982,-3.3838,7.8824,18.986,19.704,11.864,2.6691,-12.575,-22.018,-23.672,-15.672,7.1057,24.509,32.48,25.831,6.7837,-11.373,-21.395,-20.593,-5.8262,12.536,21.978,24.64,13.87,-3.9658,-12.175,-14.226,-15.688,-0.44574,13.19,7.2001,1.7027,-1.1454,1.813,4.9906,8.5791,-3.3279,-11.43,-16.365,-22.702,-2.6623,13.335,25.702,22.12,2.4312,-17.509,-36.453,-30.45,-1.7015,25.306,38.227,25.642,-7.0182,-33.426,-42.667,-19.946,17.535,37.683,32.484,8.9797,-28.743,-44.959,-31.292,3.4816,31.47,41.235,19.862
0.96892,6.3101,6.4303,-1.7896,-5.2803,-12.958,-17.275,-7.7893,1.8973,16.221,23.864,14.183,-3.2783,-22.535,-25.911,-11.602,10.455,28.184,26.434,8.9168,-20.758,-39.309,-31.962,-4.6191,17.456,29.584,25.254,10.472,-13.849,-19.936,-19.952,-3.2438,3.6447,3.8625,1.3794,7.1982,4.2246,13.82,13.09,5.3009,-15.516,-26.994,-29.041,-11.819,7.6367,34.62,38.029,23.884,-6.771,-23.083,-33.533,-21.369,-0.13378,24.07,25.445,20.615,8.8223,-6.4491,-10.832,-15.493,-14.857,-12.845,-5.9448,9.337,28.903,28.337,22.071,1.5777,-22.695,-34.515,-29.525,-12.023,17.332,32.646,37.937,17.769,-3.5204,-26.564,-26.728,-20.032,-3.4226,14.447,21.253,15.558,9.9705,-4.9478,-2.893,1.5542,7.6033,3.5629,-8.1535,-12.267,-18.039,-12.432,10.387,25.575,34.789,15.092,-14.885,-36.597,-38.771,-16.939,5.1526,36.875,39.526,26.434,5.8269,-21.383,-32.498,-33.05,-12.776,3.3301,17.383,29.331,21.824,9.5092,-8.1201,-19.76,-24.518,-17.57,0.70715,7.3639,17.634,13.685,16.071,8.0852,-3.7711,-13.763,-18.301,-16.016,-13.484,2.4455,12.157,12.428,15.336,5.4608,2.0326,-10.249,-10.904,-27.94,-21.338,-15.516,-1.4536,22.17,37.295,40.725,15.645,-20.148,-56.685,-61.591,-42.526,14.572,61.367,84.585,59.168,0.2267,-55.026,-78.328,-57.326,-2.7246,47.665,66.971,42.997,4.5775,-32.593,-46.093,-32.245,-2.3302,21.239,29.037,19.597,9.3117,-1.6888,-4.0959,-0.59137,-14.618,-21.014,-21.154,-6.9559,22.461,48.098,46.387,14.952,-25.847,-56.579,-60.903,-23.91,15.307,44.869,53.144,28.383,-6.2164,-34.435,-40.458,-21.828,-1.913,12.536,14.935,14.286,11.178,1.6986,-5.7762,-15.392,-17.411,-18.503,-5.654,13.674,19.283,28.36,17.328,2.1794,-12.744,-25.299,-24.862,-15.567,2.9641,20.691,28.575,24.014,3.4955,-20.845,-36.899,-32.573,-14.063,9.0002,38.949,40.521,21.168,-4.5053,-27.389,-34.749,-21.915,-6.081,20.951,29.049,18.373,6.1583,-6.9558,-12.878,-9.4405,-9.6966,-6.5485,-4.324,2.0054,10.448,19.818,15.203,7.1803,-12.427,-24.776,-25.47,-6.7797,17.242,32.734,26.721,8.0164
7.0349,2.4134,0.44624,-3.7361,-5.4786,-3.8012,3.6828,10.103,11.864,5.8547,4.1391,-9.0196,-15.322,-12.312,-0.18498,2.5426,4.9679,4.2579,4.608,5.0349,-0.50816,-6.9393,-12.86,-17.084,-18.287,0.59598,15.309,22.958,21.284,0.62618,-14.071,-21.189,-11.709,1.7793,10.656,15.094,14.286,7.2969,13.735,4.1825,0.22409,-4.8494,-18.334,-18.982,-13.819,0.62612,12.632,29.354,28.283,8.1655,-18.168,-31.387,-30.302,-12.342,4.9242,21.143,25.006,14.83,-1.2527,-13.98,-12.939,-7.2532,2.8733,5.0014,-0.18782,-0.085191,-0.66671,4.9609,9.3735,9.4623,-0.37595,-17.707,-19.59,-16.69,-1.5727,18.152,35.667,32.698,7.0379,-18.106,-52.795,-60.098,-32.892,12.1,57.404,67.64,40.951,-3.5823,-54.185,-74.867,-56.246,-9.9691,36.956,59.155,53.6,18.598,-19.009,-42.935,-44.045,-17.93,1.9846,10.189,16.688,21.888,20.896,12.691,5.0807,-17.42,-29.695,-30.11,-15.797,18.058,36.705,49.857,28.05,-15.626,-45.774,-58.008,-30.762,1.3329,32.606,48.168,32.159,16.43,-17.34,-34.124,-34.52,-28.698,-12.034,6.71,23.344,35.616,36.489,12.152,-18.051,-43.275,-47.19,-30.192,15.629,43.583,56.588,33.905,-7.0787,-47.086,-55.485,-36.749,-1.5111,28.748,40.009,31.033,10.184,-10.461,-24.443,-21.366,-14.142,-10.876,-3.5785,-2.7649,4.5359,21.274,26.824,16.587,-4.6662,-34.26,-47.27,-27.755,6.5082,43.964,42.429,30.688,-6.3596,-33.665,-48.168,-39.555,-5.1403,27.235,41.279,34.911,13.35,-18.836,-42.284,-39.058,-17.667,10.579,33.91,34.519,23.595,-4.8392,-28.781,-37.327,-19.314,12.286,25.479,28.407,9.2459,-15.145,-32.874,-26.609,-8.1913,19.161,29.371,29.871,6.7811,-16.407,-24.667,-25.737,-7.6423,5.0555,17.505,19.896,17.464,11.012,5.9563,-18.377,-24.26,-26.155,-11.698,12.625,28.787,30.569,11.009,-14.261,-31.982,-31.344,-13.873,14.151,34.093,38.819,15.221,-9.6089,-32.961,-41.38,-21.538,5.3227,28.714,42.986,28.384,-1.3769,-31.934,-48.969,-36.607,3.5112,32.959,50,28.747,-2.3902,-23.325,-29.345,-20.078,1.5801,14.882,12.794,11.137,0.93071,-6.9423,-0.74553
-2.6202,2.7108,-3.4324,-4.3619,-3.509,1.7011,6.3106,5.7604,-2.7356,-5.1565,-4.8455,-5.3875,2.8192,-0.74374,11.009,10.784,12.976,10.844,0.29318,-4.041,-7.3363,-3.9972,-5.9598,1.5068,2.3393,5.9088,1.835,1.3891,0.82698,-8.2985,-2.8357,1.6292,8.4729,4.6471,1.6933,-5.9783,-13.151,-3.2583,7.5158,16.449,17.377,13.515,-2.896,-11.14,-17.229,-5.9932,8.7641,17.029,11.399,-1.95,-18.097,-27.91,-21.534,-6.1876,12.043,34.579,36.358,19.733,-3.6514,-26.013,-44.105,-33.114,-6.8469,23.149,41.923,34.733,9.998,-28.781,-41.942,-41.208,-20.262,8.0572,32.559,37.635,28.391,3.6491,-17.944,-37.304,-28.93,-16.633,6.9855,34.995,45.573,35.494,5.9896,-25.416,-54.411,-58.909,-35.383,9.916,55.273,73.138,49.943,-2.3686,-61.7,-77.309,-54.803,-5.3633,41.904,50.087,37.67,0.56312,-28.84,-36.578,-18.614,-0.63832,13.264,15.98,6.8572,13.008,13.923,12.213,-1.86,-19.412,-32.654,-25.087,-4.5426,27.874,47.833,37.638,3.33,-32.435,-54.164,-41.115,-1.1673,40.547,63.242,46.527,2.4771,-38.719,-57.498,-32.332,7.0102,38.22,46.546,24.177,-6.777,-32.176,-26.692,-12.05,14.258,20.454,12.341,-1.9067,-11.386,-12.752,3.2654,22.996,15.921,0.46494,-21.192,-35.74,-25.737,4.0227,35.195,52.869,42.816,4.5813,-39.999,-59.288,-51.979,-14.195,29.11,63.723,54.703,25.153,-29.593,-58.601,-58.489,-18.067,28.123,53.649,46.484,19.469,-20.072,-36.904,-39.058,-10.743,19.905,35.632,25.6,1.4017,-19.89,-28.328,-22.896,-5.4226,15.093,13.426,3.3164,-8.0248,-9.906,-1.1699,9.3989,14.63,9.0893,-13.519,-23.442,-13.909,3.983,32.516,44.229,30.125,-8.8034,-51.043,-61.571,-35.825,15.942,63.044,71.153,35.104,-21.865,-67.338,-62.886,-20.683,37.429,58.64,46.877,-3.3706,-47.269,-55.122,-19.081,26.367,53.292,33.001,-5.4332,-42.411,-45.775,-18.365,20.162,43.659,35.358,-6.5656,-41.071,-40.005,-14.678,33.075,54.076,36.611,-4.2729,-48.939,-57.664,-33.093,20.187,59.05,61.793,26.113,-33.687,-66.188,-62.491,-12.902,40.304,71.553,51.876,1.3847,-44.045,-57.946
-0.87401,-4.0481,2.9847,2.5484,6.724,6.613,5.018,3.8533,-6.5786,-12.197,-8.7467,2.5313,5.8886,10.988,4.8288,-2.7117,-8.8182,-4.6191,-1.2053,0.68326,-3.1419,1.4376,-3.0654,-0.40705,-1.0618,0.47059,6.501,-1.4106,0.23717,-1.1654,-4.578,-3.6038,-2.361,8.9678,9.8001,14.072,7.0706,-0.43176,-16.849,-17.112,-8.8034,14.726,27.355,32.221,9.6253,-11.682,-27.745,-34.088,-15.296,1.2036,26.13,28.693,23.148,4.9943,-19.097,-27.192,-22.155,-6.0761,4.9381,15.162,15.505,7.9523,-3.3208,-13.754,-13.169,-4.4957,-1.7271,-0.17084,2.6035,4.4378,3.7623,-0.6128,-1.3242,-2.1978,-1.5618,-3.9133,-2.6984,-18.374,-10.411,-2.5392,11.921,19.394,22.664,6.2606,-15.059,-21.035,-18.202,-0.30899,14.857,31.851,19.906,1.9121,-15.763,-24.283,-11.79,8.1485,23.539,24.453,6.7854,-6.648,-20.974,-19.201,0.52833,9.9225,13.674,6.3527,-4.0781,-9.8751,-7.0147,4.1947,15.782,15.485,2.971,-9.4764,-29.158,-21.6,-6.8548,15.545,20.409,15.943,-6.9854,-24.874,-35.463,-11.26,10.435,27.788,35.192,19.194,-0.049163,-17.01,-25.97,-22.172,-14.701,-1.0536,11.114,23.693,25.68,22.366,7.8957,-17.483,-35.005,-34.835,-12.267,22.235,48.51,50.25,21.448,-19.816,-46.569,-51.321,-27.075,17.186,48.219,48.961,28.135,-10.98,-35.809,-42.864,-24.131,5.0504,19.509,28.448,16.796,3.3751,-7.1788,-7.3025,-3.0936,3.2055,1.0068,-2.8414,-4.7442,-13.206,-9.2054,0.57952,10.717,7.0712,0.52575,-4.4746,-11.301,1.1594,9.7661,14.437,8.8394,1.2785,-12.449,-17.46,-10.586,1.94,19.474,19.9,5.8991,-14.951,-29.456,-27.466,-5.1212,16.164,20.63,16.973,-5.9512,-18.359,-23.821,-8.1781,9.4238,16.339,9.929,-4.9329,-14.485,-4.7326,15.747,19.792,7.4281,-7.5518,-34.809,-26.944,-8.9609,11.53,24.355,20.766,7.88,-5.6352,-11.661,-7.1941,3.5564,9.3495,5.9035,4.6296,-2.192,-10.534,-4.2114,1.5328,3.3089,3.9094,-1.4414,-0.54769,-1.8213,10.192,6.5345,8.4803,-3.9498,-17.938,-29.555,-24.401,1.9529,32.41,50.782,40.916,5.9686,-31.601,-59.63,-51.181,-15.716,29.898,53.86,55.203,17.842,-27.135
1.3842,-2.0623,-0.7101,-7.756,-6.1362,-0.64103,-3.6598,6.6032,12.43,12.78,4.7905,-2.6952,-7.3861,-0.70168,4.0362,0.74555,-5.3759,-2.6084,0.29241,10.048,8.5093,5.3299,-2.4258,-7.0914,-13.726,-7.2772,6.525,15.248,12.697,1.8995,-13.18,-19.69,-18.486,-0.21683,22.496,21.012,11.562,-11.451,-24.056,-23.887,-9.9094,5.0669,16.726,18.366,19.703,0.32373,-11.537,-20.261,-13.574,-8.3144,13.12,16.708,22.952,14.047,2.1104,-11.908,-15.093,-17.736,-11.928,6.0968,18.136,20.987,8.4015,-4.608,-20.537,-19.956,-8.7144,7.3612,19.056,21.223,11.515,0.27559,-8.3243,-14.837,-11.389,-5.5867,-3.4092,2.446,2.3149,8.4806,5.9248,7.8009,-6.7116,-9.9501,-14.127,-0.8159,11.615,24.616,11.12,-3.839,-12.933,-15.096,-9.601,10.012,19.226,24.075,6.0093,-12.305,-25.724,-21.301,0.50547,25.605,29.031,11.525,-11.933,-23.871,-18.803,-8.169,14.189,14.365,6.4186,-11.418,-23.551,-5.1757,14.717,36.384,30.794,-0.95662,-42.209,-50.152,-25.838,18.722,55.388,61.96,24.96,-18.323,-54.583,-56.174,-19.3,20.036,44.663,40.246,13.227,-17.996,-39.214,-26.83,-1.8258,12.955,23.4,17.93,1.5537,-3.8408,-21.03,-8.4466,5.4718,16.857,14.339,4.5151,-9.2472,-17.336,-7.6961,3.0203,4.1791,3.9627,-0.42412,-1.8683,2.6309,13.482,4.9837,2.5096,-8.026,-9.5641,-16.829,-7.5979,0.5246,7.2437,5.7669,2.4996,2.4334,1.1585,-8.5884,-11.654,-16.069,-0.10794,11.672,14.21,13.211,4.6666,-17.851,-23.311,-14.014,1.3023,10.932,15.685,7.6327,-2.7246,-8.634,-20.437,-15.82,-3.1895,8.8822,21.918,25.821,15.053,-4.904,-24.925,-35.492,-34.944,-15.719,13.635,41.839,50.173,40.655,6.6048,-30.906,-56.851,-53.361,-21.251,16.476,61.939,68.068,38.45,-17.461,-61.197,-78.295,-46.772,-2.4198,46.93,63.794,53.456,13.987,-36.05,-55.416,-46.914,-21.918,1.0329,20.672,15.323,10.408,7.8739,11.013,10.491,5.434,-9.6304,-28.97,-35.602,-13.523,10.718,35.826,41.815,26.192,-6.7994,-35.765,-45.255,-37.455,-2.7282,26.277,42.815,36.611,12.287,-6.9876,-26.981,-34.797,-33.518,-17.581,5.0527
1.0548,0.18403,-1.6731,-0.6913,-6.3772,-4.6585,-4.5349,4.97,5.3815,4.0925,6.2452,2.1883,4.35,2.8113,-2.1164,-6.886,-10.719,-11.82,-8.5846,-1.6774,5.0131,13.516,16.779,2.452,-13.568,-22.699,-28.84,-12.629,0.80387,24.432,32.569,21.843,5.4935,-7.8866,-22.511,-20.459,-4.6796,13.741,21.41,23.255,11.493,-6.9876,-17.053,-23.448,-8.8723,12.301,24.693,28.593,11.536,-16.712,-30.958,-34.487,-10.67,11.088,34.872,30.213,15.149,-9.2952,-18.762,-13.211,0.81294,15.28,9.7286,-3.5373,-14.886,-21.152,1.2984,21.183,30.444,17.941,-18.756,-37.763,-42.773,-9.1925,25.311,44.067,38.59,0.85783,-31.531,-46.611,-33.159,-4.7379,24.453,35.888,22.951,-3.9142,-23.739,-16.755,-4.5653,18.675,26.281,7.823,-9.8609,-22.284,-17.965,3.8098,20.748,30.364,23.322,2.4345,-19.18,-29.329,-28.728,2.2709,15.877,27.555,24.687,-1.3767,-13.6,-22.421,-17.032,-0.4075,18.213,27.569,15.616,-2.7746,-12.312,-10.327,-8.7346,4.1888,7.1574,2.5584,-0.65321,0.11342,2.6021,-4.6352,-10.817,-7.3466,-1.7969,13.523,22.643,23.97,5.0437,-16.36,-26.568,-29.596,-11.706,11.492,26.697,27.018,12.433,-11.435,-18.347,-23.969,-15.963,-1.8538,12.709,17.623,12.822,3.6771,-6.0669,-12.127,-13.79,-1.2791,9.4497,14.644,12.14,-0.89327,-4.1839,-19.58,-15.463,-8.8217,4.9903,19.102,18.672,15.304,-0.54664,-18.741,-25.959,-27.135,-12.593,7.7966,24.118,28.348,25.836,5.9665,-13.75,-30.809,-28.612,-7.0722,10.299,23.06,24.411,7.4897,-16.003,-26.505,-24.97,-7.8849,7.0218,14.079,10.164,-0.15871,-10.445,-2.2737,4.5579,8.9897,-2.3592,-21.96,-32.255,-21.268,4.6972,31.261,41.149,24.178,-4.0057,-32.93,-46.511,-20.239,10.183,29.704,33.421,6.8675,-14.915,-26.151,-22.051,-9.7437,2.236,15.713,10.387,3.9581,-0.47895,5.5675,8.7751,2.9696,-6.5046,-15.28,-20.518,-12.153,5.3093,13.673,13.564,8.8907,-7.0544,-15.793,-14.849,-5.8895,7.2075,15.622,6.4183,-2.8781,-1.9553,-10.663,-9.9478,3.9476,9.3505,9.4192,11.123,4.8774,-9.3623,-12.347,-19.002,-3.7114,-1.2552,12.71,19.217,15.385
-0.78432,-2.5492,-4.1158,-1.9186,10.442,11.057,10.103,4.9073,-1.7689,-12.143,-13.953,-4.8724,6.8167,10.953,9.4726,-1.7397,-12.811,-18.599,-17.138,-2.5832,8.4227,12.335,1.2599,-5.4798,-16.708,-12.533,3.3506,15.462,19.55,15.453,-5.4668,-16.196,-23.712,-10.626,7.2417,20.332,27.995,10.118,-10.233,-32.269,-33.282,-11.969,14.216,32.361,32.596,13.327,-15.962,-35.427,-30.312,-12.79,14.298,31.767,31.772,17.643,-3.9511,-8.9992,-14.746,-16.421,-8.8062,4.3961,16.73,19.068,11.051,-0.82161,-17.614,-24.946,-17.943,-3.9468,16.934,24.329,9.6721,-8.5333,-29.558,-28.463,-13.652,14.619,39.569,33.563,9.6529,-25.601,-49.875,-40.155,-7.9838,37.493,60.938,44.704,2.2268,-37.486,-58.462,-50.094,-18.499,17.672,38.313,40.973,27.139,1.0446,-11.26,-15.474,-18.212,-10.228,3.1152,9.4801,12.77,12.181,3.2988,-12.146,-14.366,-6.7216,-2.1617,2.6745,2.1322,9.3386,7.9661,8.2173,3.4721,-5.0027,-14.205,-12.535,-4.7349,5.5491,16.922,17.654,10.067,-5.9702,-20.682,-14.835,-4.0984,16.714,21.431,16.309,0.25841,-16.371,-22.046,-11.643,8.5933,18.59,20.569,6.8406,-17.58,-27.681,-24.624,-6.1355,10.166,28.002,10.408,-2.982,-15.4,-13.157,-5.4691,10.133,8.6906,9.8495,2.895,-6.6003,-9.5782,-5.1298,-5.2687,5.0058,6.4745,-2.0623,-1.0333,7.5501,10.055,11.757,1.3041,-16.41,-28.478,-22.392,0.12485,19.261,31.407,19.255,-0.96529,-25.14,-37.31,-20.396,6.8793,32.552,35.63,13.982,-11.189,-31.89,-38.87,-26.008,-0.59538,22.222,32.094,20.307,8.0473,-14.237,-22.544,-24.441,-7.9203,7.1883,9.8919,10.078,3.1529,-5.3289,-7.7882,-5.0555,-6.0368,-1.2642,-10.98,-9.8621,-2.9004,5.9829,19.663,24.132,19.438,5.5929,-17.193,-36.249,-28.147,-9.3685,15.276,29.818,30.398,17.871,-15.122,-37.511,-36.555,-22.461,8.3709,27.109,31.197,10.805,-12.36,-21.057,-18.515,0.52251,7.8958,7.4793,-2.4822,-11.508,-8.3999,2.9096,8.3698,8.9858,-1.8865,-12.597,-14.643,-6.0484,4.9693,19.501,20.664,-3.1827,-14.371,-20.949,-14.793,4.7803,19.427,21.518,10.787,-8.1633,-30.037,-34.566
0.90929,0.13845,1.9089,-4.1541,-11.405,-7.2701,-0.50139,12.642,26.216,15.116,-8.7297,-15.784,-18.619,0.60633,18.598,26.735,16.954,-5.944,-20.437,-19.18,-4.2756,3.7169,4.1661,2.8864,2.6378,-3.2086,5.9155,9.043,7.5308,0.55219,-14.429,-15.896,-19.741,-2.5538,19.959,25.378,21.3,8.2331,-9.0675,-20.436,-13.685,-6.6398,11.73,15.818,23.285,7.7574,5.1129,-8.9756,-15.989,-5.9541,5.4288,16.671,17.212,10.036,-10.618,-26.342,-27.374,-7.3046,10.458,23.293,17.295,2.5084,-9.8905,-18.318,-18.595,-9.0419,8.9516,18.654,13.482,6.4304,1.5905,-6.6364,-6.1283,-11.139,-11.848,-7.5165,-1.8175,12.296,15.424,11.05,-0.41557,-20.034,-25.617,-20.413,12.228,27.083,31.782,18.004,-9.8433,-33.122,-40.904,-22.737,11.328,36.313,43.76,26.342,-5.9568,-29.339,-41.094,-26.416,-0.51643,25.36,33.406,17.329,3.0717,-7.4959,-12.961,-10.884,-7.3671,1.866,-6.2051,-4.8119,7.7256,22.593,27.989,7.5559,-16.671,-42.144,-44.461,-23.623,6.0068,38.504,48.405,30.951,-7.3974,-41.937,-48.501,-31.652,8.4783,39.066,46.276,31.096,-0.79273,-28.022,-38.294,-21.39,-2.975,20.498,22.11,12.722,4.4573,-1.4454,-10.09,-12.672,-8.9285,-14.037,-10.599,-3.651,13.407,28.87,29.088,10.206,-22.407,-42.229,-40.136,-15.785,16.319,37.472,34.378,12.166,-20.351,-34.717,-30.086,-8.4485,6.3422,20.003,16.771,3.1705,-12.133,-19.087,-5.2118,5.6439,7.5806,-0.07779,-8.296,-11.828,-2.5213,11.33,20.936,22.519,6.1947,-12.745,-30.42,-28.735,-7.0082,16.811,33.402,34.04,9.7053,-14.844,-22.99,-17.477,-1.5211,17.353,20.842,20.188,4.4455,-13.789,-21.099,-15.358,-7.1128,10.062,23.962,23.514,12.023,-6.6732,-23.167,-23.303,-7.9336,8.8375,13.14,16.955,5.1102,-0.79215,-7.0528,-3.1517,-0.73969,-3.9299,-9.3109,-13.72,-8.6178,3.4024,16.727,25.25,13.379,-2.8707,-25.455,-38.091,-27.522,-5.5784,24.521,39.317,42.346,18.154,-16.168,-37.046,-38.545,-29.45,-3.4855,22.618,29.542,20.406,8.7645,2.0378,-6.1714,-13.756,-26.276,-20.648,-9.6806,12.429,38.084,46.514,34.011,0.41838,-35.828,-52.219
1.6122,-3.2583,2.6074,3.5146,-0.42978,-2.2604,-4.4175,-10.279,-9.7279,-7.2554,-3.8308,7.2703,15.678,19.139,10.22,-3.0191,-14.861,-22.55,-15.182,-9.7966,4.3541,13.857,6.3896,2.5153,-0.22827,3.9806,5.9393,3.3547,-3.7543,-13.334,-21.116,-15.678,1.3175,26.339,34.697,26.223,0.81395,-22.719,-50.657,-39.279,-10.682,24.888,49.913,42.225,19.386,-21.504,-42.559,-47.102,-36.885,-3.9234,32.353,52.293,50.657,25.308,-13.125,-44.651,-49.962,-33.808,4.9415,39.382,53.533,30.67,-4.4842,-33.235,-33.328,-25.737,6.9444,21.086,24.459,8.4651,-7.4187,-13.042,-2.2602,9.38,18.537,3.5949,-12.182,-23.502,-22.197,-2.7742,15.234,30.261,19.06,-7.6735,-30.899,-33.06,-12.986,13.944,30.657,25.152,5.5972,-19.941,-24.811,-4.7286,13.378,29.603,25.692,7.7945,-19.008,-36.657,-24.652,0.3249,23.497,32.186,18.737,-7.9069,-27.567,-27.64,-0.30578,25.162,34.494,16.514,-9.8394,-34.459,-31.935,-0.082172,33.186,44.855,35.376,-9.2116,-38.196,-42.006,-11.216,25.919,41.423,31.901,1.8345,-30.68,-41.003,-22.399,9.4798,34.765,28.109,14.98,-5.2203,-20.079,-19.212,-2.13,4.627,9.5687,2.334,2.9017,-1.3546,-4.5989,0.45193,5.1578,6.8023,-3.1249,-16.849,-18.456,1.1432,14.839,21.252,28.031,2.2095,-23.413,-35.365,-19.762,1.5033,27.585,30.986,20.781,0.89703,-22.321,-27.111,-14.041,-1.225,10.26,16.877,12.5,-2.7347,-10.03,-7.0344,-2.2339,2.6489,10.119,6.1808,-5.951,-13.57,-6.7359,0.61461,6.2012,17.038,13.142,-0.41046,-16.018,-23.444,-12.158,4.0393,26.604,30.681,25.138,5.8306,-16.725,-26.717,-30.778,-15.691,7.6271,18.86,28.047,19.202,6.2745,-7.8207,-18.782,-24.278,-16.001,-1.7785,17.661,28.718,23.995,5.8689,-14.952,-26.062,-23.048,-7.8237,1.3221,19.74,20.642,18.659,8.7901,-7.9555,-24.685,-29.616,-18.269,-0.84184,27.036,32.681,31.427,5.3761,-25.64,-38.208,-34.314,-8.2708,16.026,37.546,29.411,-2.2558,-30.248,-37.876,-24.342,4.4975,33.018,38.601,5.3465,-11.955,-30.792,-25.201,0.91698,19.871,21.492,8.7311,-14.006,-34.246,-23.336,6.0646,29.274
4.0378,1.6265,3.7448,3.4079,7.6471,5.8303,-1.6443,-12.519,-10.368,-9.675,2.5001,8.2952,14.738,4.3097,0.36618,-5.7514,-12.411,-5.8063,-3.6896,7.0756,7.0633,5.7931,2.899,-10.92,-13.384,-6.1657,5.3063,10.706,11.334,14.184,-2.8394,-7.6071,-17.333,-10.025,-6.0314,9.7198,10.936,17.251,12.62,-1.823,-6.8818,-16.977,-16.119,-9.8667,-2.4676,6.5699,15.362,9.5721,-0.23563,-10.992,-13.935,-11.337,-6.1508,3.2687,0.23864,8.2247,14.315,10.243,2.1499,0.78412,-10.908,-12.175,-19.009,-4.3252,5.7585,23.647,27.582,21.686,2.1455,-19.388,-35.539,-34.109,-19.017,4.1585,30.97,44.814,33.382,0.049144,-27.584,-42.097,-32.878,-5.0905,27.214,39.855,34.463,9.3302,-22.997,-29.326,-22.343,-5.4264,8.6965,15.844,9.2408,-5.2982,-5.7749,-10.597,3.4345,9.9644,9.9963,-2.3526,-12.054,-17.737,-8.1507,10.792,26.086,13.207,-7.0483,-28.601,-27.467,-13.862,16.974,35.756,28.814,-1.0186,-23.941,-37.704,-20.685,7.0594,27.445,32.609,9.725,-14.854,-27.391,-19.97,1.5936,16.766,21.143,6.1381,-12.846,-25.97,-17.513,8.4062,29.347,30.647,8.7591,-30.925,-45.403,-36.611,-0.034082,38.103,57.323,41.039,4.7364,-48.827,-64.5,-41.998,11.053,46.422,60.887,30.491,-18.363,-53.489,-47.805,-10.263,28.968,49.621,40.666,1.6293,-33.328,-49.771,-31.283,5.6971,31.01,39.257,20.523,-6.3679,-31.032,-27.399,-7.2894,16.982,26.824,16.274,-1.543,-23.433,-27.203,-11,3.3893,20.472,19.245,13.184,-3.9494,-8.1133,3.8689,3.849,9.4168,-2.7691,-15.169,-14.526,-5.7601,13.167,22.412,22.483,-1.2535,-22.703,-32.124,-19.252,0.66583,28.42,29.909,11.701,-7.7016,-21.718,-15.53,5.1332,13.74,6.783,-6.7396,-22.299,-19.386,-0.4162,29.001,39.197,29.89,-2.1829,-28.254,-40.897,-38.275,-6.722,28.841,37.907,30.764,7.4452,-17.54,-27.616,-21.651,-11.379,-2.9256,8.2072,13.963,11.326,11.225,3.7208,-3.8977,-12.923,-12.604,-3.3855,3.0837,-3.6933,-6.095,-14.893,-10.311,5.4492,21.224,20.742,12.005,-11.572,-18.071,-21.438,-9.8849,3.5139,18.343,18.794,10.727,1.9523,-6.9982,-20.476
1.0937,-4.1802,-8.2131,-8.0995,-10.671,-0.31203,9.5266,26.932,29.582,17.868,-3.34,-30.383,-42.107,-29.37,-2.1496,25.228,48.501,33.694,0.3759,-27.736,-46.205,-38.116,-2.3229,28.734,43.937,38.12,10.688,-17.06,-30.285,-25.587,-0.43783,17.894,18.914,11.745,2.0755,-12.952,-8.3614,-1.8013,-2.3599,-2.1037,-5.3104,-8.6076,0.21391,4.2611,7.7503,12.39,3.9959,0.20453,-11.358,-12.268,-6.4661,-6.258,9.0537,13.151,12.974,4.2921,-1.5735,-8.3731,-14.862,-6.873,2.8305,9.939,7.5512,15.995,7.5478,8.4721,5.2653,-3.596,-17.661,-18.306,-17.118,-8.0187,10.24,24.33,19.947,4.7567,-13.399,-21.363,-18.488,-5.5041,8.5622,7.7074,-5.182,-10.841,-10.682,-1.0513,15.697,26.184,16.09,-5.4626,-16.257,-16.084,-9.4858,7.7452,15.376,11.94,-3.6756,-18.259,-22.933,-13.492,11.562,22.393,18.204,-2.7769,-25.356,-28.438,-15.535,12.375,31.715,27.817,-1.4055,-27.739,-37.462,-12.271,15.394,40.881,34.982,4.0308,-34.013,-48.748,-31.424,11.712,40.761,49.997,28.537,-22.106,-49.225,-49.16,-12.099,22.006,48.943,44.677,16.647,-21.983,-38.787,-30.885,-4.1528,25.139,29.967,15.338,-10.418,-25.678,-28.816,-2.9995,14.543,15.512,-4.5097,-16.308,-25.523,-1.5462,23.235,37.519,31.104,-10.473,-42.297,-55.369,-31.398,6.7974,40.47,50.651,30.415,-1.7381,-25.979,-35.857,-23.172,1.5008,21.23,26.51,13.02,-1.0733,-16.618,-19.798,-16.285,-6.9302,11.852,10.575,8.6211,-4.7947,-0.79314,2.868,5.4212,11.484,0.31058,-10.143,-23.419,-18.848,-2.6562,18.749,40.186,41.606,16.518,-16.184,-41.33,-32.555,-13.297,18.793,35.826,23.124,2.9976,-15.411,-18.422,-9.4179,4.4948,11.687,0.52647,-6.3916,-9.7536,-0.084281,11.915,8.0185,8.8758,0.53889,-4.4763,-2.0424,-4.1045,0.69833,-0.96407,1.61,2.9206,4.1868,6.204,5.3562,-7.6439,-19.334,-9.6919,2.7847,12.783,20.635,7.4399,-9.576,-16.194,-15.523,2.0695,21.517,18.55,5.7043,-12.882,-20.113,-13.614,8.5541,30.252,27.427,2.6808,-27.325,-32.512,-20.087,3.8976,30.986,37.016,20.154,-3.7174,-23.862,-27.872,-12.048,6.066,17.535
-1.0859,-0.9579,3.2558,3.7124,13.744,7.3302,-1.3818,-8.363,-10.849,-8.8099,4.2497,14.405,7.768,-7.1335,-11.407,-8.797,7.3966,18.32,26.303,17.223,-3.5462,-26.42,-27.54,-16.573,7.6528,22.812,36.906,19.222,3.4823,-18.327,-30.734,-19.008,-5.2156,11.442,17.914,17.585,8.5241,-2.9012,-6.2047,-10.592,-16.518,-11.009,-4.6067,9.9078,22.01,25.979,12.01,-5.1313,-21.053,-22.716,-19.095,-0.42708,13.659,14.285,10.772,-0.20027,-6.0632,-10.344,-7.5361,1.4756,8.0108,12.604,10.848,-0.23885,0.52587,-1.6591,-10.674,-10.203,-8.8373,-2.5492,-1.8345,5.8941,14.299,21.091,7.7496,-8.464,-30.884,-33.785,-17.751,13.976,34.937,30.454,7.8958,-16.205,-36.96,-16.221,12.195,19.164,9.442,-13.443,-29.872,-25.615,-2.3644,30.521,38.843,20.877,-19.696,-44.384,-43.416,-13.452,27.009,48.628,45.32,5.4562,-39.469,-49.138,-25.869,13.172,36.773,32.284,0.38826,-26.415,-29.598,-9.046,20.826,37.118,32.564,-9.4082,-41.366,-42.435,-15.928,31.475,57.946,49.052,-1.3092,-53.095,-82.511,-52.046,2.4464,64.124,87.727,61.684,3.606,-58.668,-84.579,-56.294,-3.8772,47.582,58.334,38.1,4.1795,-22.514,-26.142,-12.871,2.3517,-3.5623,-13.188,-18.48,-0.51141,26.37,43.694,30.375,-14.715,-59.151,-79.883,-45.691,18.874,77.508,89.773,46.346,-22.74,-85.65,-88.917,-31.154,36.653,83.693,78.448,29.636,-37.12,-72.053,-58.204,-22.37,27.391,58.285,50.357,12.93,-12.154,-24.759,-14.029,-5.083,4.6729,-2.4263,-13.583,-14.001,5.7591,27.099,27.029,17.09,-15.114,-43.612,-37.214,-20.548,17.97,40.507,41.276,18.489,-18.673,-26.925,-22.346,0.82719,12.812,5.7506,-13.031,-18.788,-9.0997,16.31,34.361,39.437,11.432,-13.633,-43.895,-39.057,-22.709,13.178,38.171,47.645,28.609,-8.2778,-32.979,-27.918,-12.4,10.816,19.63,16.967,-4.2714,-19.652,-23.931,-15.938,-3.3026,16.007,23.835,13.148,-2.7422,-22.488,-19.931,-10.622,13.089,24.206,25.086,10.225,-13.046,-32.711,-32.426,-15.328,13.952,37.97,40.257,16.289,-13.012,-47.556,-53.519,-26.565,18.806,53.459,53.095,33.433
6.2088,-0.19949,5.9113,8.6482,3.3591,-5.9055,-11.381,-11.469,-1.7823,2.7693,11.354,10.417,2.2441,-0.99635,-4.9836,5.1253,5.4699,6.2521,-7.0847,-10.616,-16.095,-3.6554,10.933,25.87,21.559,0.040826,-26.77,-35.688,-22.16,1.5073,27.421,33.596,25.322,2.2017,-27.477,-36.665,-18.25,0.60543,22.832,23.409,6.5437,-13.837,-22.881,-11.258,13.565,24.988,19.196,11.755,-14.859,-20.242,-17.145,3.2951,16.361,9.0814,9.0049,-1.1469,-2.5643,2.2877,8.6839,1.3911,-11.837,-24.679,-24.254,-7.7206,17.638,33.34,26.654,7.4285,-25.139,-33.894,-26.329,-4.1483,21.35,35.961,24.424,-1.082,-24.759,-29.346,-19.683,-3.2614,13.675,12.802,5.8273,3.3412,-0.85468,-9.8088,-8.3207,-9.5459,-3.5828,-6.244,-3.9822,5.4245,21.371,17.203,0.22991,-18.751,-30.106,-28.062,-10.849,13.2,25.028,22.124,13.601,-1.2396,-11.871,-9.4838,-5.8027,-11.634,-11.722,-15.101,0.65888,19.354,30.842,29.427,13.452,-25.792,-50.692,-48.203,-26.827,18.532,57.291,66.385,39.587,-13.836,-57.89,-72.148,-52.611,2.6364,60.373,79.14,58.669,11.908,-37.086,-66.634,-60.699,-20.294,23.244,55.651,53.584,34.799,-5.0281,-22.337,-34.299,-30.702,-13.857,1.5889,22.581,24.982,19.314,11.617,-4.3657,-17.242,-29.498,-26.918,-16.579,9.9107,33.24,29.236,17.274,-11.135,-38.639,-48.712,-29.166,9.2979,45.909,53.895,30.966,-14.78,-53.974,-63.402,-37.113,16.514,61.14,65.267,35.836,-15.321,-52.109,-59.316,-29.633,19.047,49.055,46.196,14.083,-20.37,-43.872,-32.306,-2.627,33.573,34.148,9.1661,-18.792,-34.132,-25.703,6.6617,28.08,38.796,15.99,-19.808,-33.517,-28.345,-0.50685,18.441,34.361,18.87,-11.454,-32.172,-37.408,-15.989,9.1021,35.839,45.058,24.955,-0.54035,-31.755,-46.875,-24.503,3.9431,28.299,41.774,23.098,0.28374,-23.587,-30.733,-20.902,2.7891,16.28,12.722,4.8439,-7.186,-6.6197,-4.0638,1.7927,-4.504,1.0446,-5.6624,-7.4142,-0.98265,6.9143,17.356,3.1523,-9.1504,-27.462,-23.635,-6.4824,15.311,32.003,30.721,1.2134,-23.356,-45.365,-37.637,-1.4004,41.459,61.369,47.611,4.9397
-6.4063,-0.11071,10.625,5.6152,10.411,10.417,-0.87372,-2.2119,-14.826,-18.523,-10.79,-5.1991,12.89,26.768,28.838,9.2984,-18.034,-35.776,-32.862,-10.471,18.598,37.311,39.657,11.9,-13.18,-23.613,-18.549,-7.7307,2.1334,1.5153,0.37211,-3.0698,7.3776,13.596,19.286,1.0857,-18.475,-42.344,-39.23,-11.63,23.821,46.038,37.442,2.6765,-25.31,-32.571,-22.123,15.667,36.628,37.447,14.678,-18.145,-31.598,-22.708,0.97775,23.816,29.918,13.083,-3.2513,-24.472,-22.268,-5.4394,16.996,26.676,14.212,-4.9687,-20.283,-19.184,-4.8492,16.617,25.506,22.03,2.2013,-12.026,-19.491,-19.635,-0.22096,15.41,24.413,18.093,4.7344,-7.017,-18.839,-18.552,-12.426,-1.0672,7.1885,10.726,7.0604,6.5212,5.0969,9.3319,-0.60592,-14.339,-16.92,-16.63,-6.315,8.0196,17.644,14.734,4.9856,-5.4542,-13.949,-9.6423,-2.9067,5.0652,8.0399,2.1746,-6.946,-17.284,-7.2619,12.324,21.545,23.959,7.8767,-21.342,-38.669,-36.472,-3.8704,38.245,60.627,46.211,-2.9993,-52.946,-73.595,-53.837,3.7854,58.299,75.845,49.199,-11.102,-57.103,-63.945,-39.164,10.459,44.853,45.163,24.017,-7.3526,-29.707,-31.365,-16.887,-4.0553,3.2973,10.916,8.2014,17.733,29.24,24.624,5.8076,-21.18,-40.057,-40.452,-8.9059,28.143,48.745,40.813,4.6915,-35.624,-58.17,-47.968,-7.9998,37.263,62.73,43.494,-0.45725,-43.47,-48.875,-34.626,9.0501,45.618,50.627,17.707,-28.1,-49.067,-43.733,-7.8932,36.69,58.06,36.589,-11.37,-49.109,-53.722,-27.807,18.952,53.087,48.123,18.431,-24.192,-38.372,-20.318,10.203,21.77,19.099,-10.241,-26.265,-15.044,7.0203,35.096,37.043,12.016,-23.537,-49.838,-50.03,-4.7623,36.305,58.872,53.752,4.1966,-46.483,-69.124,-52.717,-4.8801,46.652,70.92,44.801,-4.5372,-46.284,-58.128,-30.203,-2.4183,29.739,37.076,26.752,9.6333,-4.4309,-5.1078,-14.381,-18.242,-19.954,-16.622,-5.0766,21.852,41.575,35.809,11.544,-17.225,-42.991,-48.307,-21.996,6.6601,35.175,43.977,22.373,-6.0489,-36.443,-39.42,-29.396,3.9619,34.293,37.225,19.992,-2.4594,-26.255,-28.36,-18.622
-2.1299,5.9351,2.1869,-2.0578,-5.5288,-5.8479,-3.0084,-2.7447,3.3222,9.6773,8.2243,7.0281,-4.6795,-10.886,-13.511,6.5535,13.867,13.779,8.9955,-14.295,-24.955,-23.378,-5.2238,24.518,36.264,28.336,3.7556,-23.653,-31.378,-31.212,-12.44,9.2826,20.161,23.588,22.12,10.744,-2.5347,-14.085,-20.06,-21.778,-13.525,5.2665,28.472,36.073,35.249,17.882,-9.6966,-33.065,-41.364,-31.753,-1.7699,24.891,41.019,36.899,17.923,-12.304,-28.271,-34.103,-18.02,9.1106,27.21,35.331,32.193,11.463,-14.622,-27.91,-28.338,-20.44,2.9807,19.228,31.87,18.974,4.6271,-21.455,-22.005,-14.266,0.30242,6.6255,8.5675,-1.7989,-9.6345,-8.5949,-1.7427,7.091,7.2958,5.449,-4.2313,-11.013,-14.225,-7.058,4.5941,16.687,23.598,3.8656,-15.062,-25.829,-14.231,2.2475,26.3,20.74,1.9391,-13.016,-18.309,-13.353,1.4849,2.1012,6.0354,-3.4524,-0.096785,2.5183,12.891,14.181,10.49,-17.409,-41.686,-33.682,-2.0088,35.936,56.396,44.205,-2.6498,-48.958,-66.16,-41.559,7.9614,50.998,61.324,26.795,-20.525,-56.042,-44.713,-14.103,37.891,54.217,37.061,-7.9835,-47.728,-42.868,-9.8796,36.824,55.109,28.691,-16.084,-50.685,-49.955,-9.6692,37.07,64.418,41.762,-15.412,-69.059,-72.724,-33.106,34.424,79.915,61.049,15.889,-46.84,-69.72,-46.876,-2.8087,45.313,58.201,33.058,-7.0309,-30.044,-31.136,-11.808,11.152,11.252,1.2364,-18.725,-18.607,10.346,43.88,49.635,19.83,-32.157,-67.15,-54.793,-14.967,45.54,81.187,61.692,9.0457,-52.27,-76.052,-51.019,4.4956,56.165,74.001,41.187,-11.638,-50.53,-68.852,-47.171,-2.4537,34.222,47.946,43.53,25.05,2.2543,-19.135,-31.289,-41.894,-36.332,-16.486,10.561,43.068,56.692,38.7,-0.040977,-46.181,-72.283,-67.374,-23.102,36.674,78.669,76.174,28.713,-33.916,-67.872,-61.199,-22.537,24.597,45.411,37.153,6.3743,-26.754,-35.119,-20.084,12.657,28.095,22.699,0.19069,-24.44,-25.294,-3.5979,18.705,43.345,28.171,3.3331,-34.51,-55.955,-37.172,-0.8212,39.987,58.208,36.29,4.2681,-40.714,-51.439,-30.188,10.157,37.237,37.193
-1.9947,-0.17678,-2.0519,-4.6789,3.8477,0.50787,2.219,-0.707,-4.1235,-1.8291,-4.3877,-1.2743,3.2585,5.2224,0.30899,13.464,14.296,11.384,-2.8312,-17.289,-19.633,-16.728,-2.9211,6.3531,19.833,20.857,14.485,2.4307,-5.4067,-15.018,-19.337,-20.352,-18.077,2.5119,24.706,33.569,29.548,9.3369,-22.55,-41.474,-45.301,-18.999,20.499,50.212,56.83,29.861,-11.539,-46.98,-52.173,-29.588,15.691,50.196,45.401,20.369,-20.95,-46.68,-32.099,-4.9717,29.622,39.934,21.17,-2.3369,-24.38,-25.31,-13.121,3.078,7.1989,6.219,-1.786,-6.8016,0.98978,9.8104,10.461,-6.5698,-20.867,-23.642,-13.076,20.21,35.301,43.063,17.773,-21.687,-50.046,-43.269,-11.561,28.993,53.72,43.601,11.755,-32.028,-53.035,-41.484,0.28558,30.491,45.017,25.723,-9.8747,-25.096,-30.28,-10.982,12.436,21.942,-0.1627,-7.8269,-23.688,-18.477,8.2079,24.806,31.087,13.129,-10.215,-37.291,-35.387,-9.0165,24.95,39.019,29.051,-5.9645,-42.154,-44.454,-19.215,19.842,47.946,43.494,8.8873,-33.593,-52.17,-35.961,-9.6295,30.602,48.141,28.243,1.8258,-17.71,-26.503,-11.617,1.1641,2.2747,-1.8009,-5.929,-1.4694,12.324,31.947,33.256,9.6981,-16.981,-46.461,-51.875,-27.492,13.749,46.267,52.588,27.683,-8.797,-41.572,-46.207,-20.453,12.84,40.067,41.624,20.711,-9.7935,-31.397,-36.745,-19.804,5.3356,28.283,28.051,22.838,5.2882,-5.4506,-12.396,-24.83,-22.987,-17.77,-6.6034,14.011,28.086,27.82,18.681,2.1743,-23.991,-32.662,-22.024,1.2403,30.533,39.031,31.279,6.2978,-14.734,-36.712,-27.922,0.38437,23.556,29.2,21.928,4.0913,-23.465,-28.233,-18.332,-2.6019,13.76,22.983,12.517,-2.6695,-11.891,-13.939,-4.1534,4.2418,9.7543,3.9913,1.0984,4.761,5.7385,11.969,13.498,2.2313,-2.6029,-18.222,-12.663,-3.8158,7.6614,17.962,7.3965,-4.0733,-15.585,-13.919,-4.8169,10.418,14.147,12.822,5.907,-10.757,-8.0322,-2.2246,6.8272,5.5037,-0.1494,0.79094,-3.4439,-1.3089,7.0146,6.4821,-0.17558,-7.5908,-16.594,-8.9356,1.3435,14.879,20.987,16.823,6.2697,-16.187,-20.067,-20.72,-0.453
1.8957,-1.5912,-1.9203,0.094704,3.5247,2.0102,2.7903,-4.058,-4.3382,-7.9273,-2.7016,3.1625,8.8321,1.8204,3.3295,3.3088,7.5797,5.969,-2.0666,-2.3504,-4.0108,-5.3567,-7.073,-0.74443,0.22253,4.9917,3.1012,3.1976,-2.6009,1.0566,-5.2686,5.5773,6.1527,3.6,-4.845,-10.776,-6.5004,7.3681,1.7384,5.359,1.0106,-4.8355,-6.9528,-7.3597,-1.7623,0.49855,12.645,12.041,12.346,2.5706,-16.405,-21.81,-19.758,-2.7037,16.372,25.3,26.477,8.764,-10.323,-28.008,-31.82,-19.345,0.67791,21.032,30.364,14.38,-4.7814,-10.383,-11.158,-1.6379,13.221,8.2487,2.0502,-9.3004,-10.141,-0.18736,14.077,19.393,9.821,0.50104,-8.9212,-13.289,-8.5262,-3.832,2.0848,-1.3352,-0.61423,9.1096,11.291,16.376,11.644,2.58,-14.249,-18.559,-15.444,-9.808,4.9478,10.43,4.5663,-3.6002,-5.8102,-3.1835,-1.3331,12.116,8.8188,-0.44554,-8.2882,-13.234,-10.091,8.4449,23.307,27.296,3.854,-28.5,-44.4,-42.545,-7.4353,29.343,57.259,52.344,16.299,-22.06,-45.41,-34.585,-10.283,13.912,23.954,13.316,5.0674,-0.46531,7.472,7.0238,6.7725,0.72825,-19.671,-22.246,-13.04,3.5983,22.126,31.995,9.2487,-6.9077,-26.235,-20.948,-11.278,11.517,24.253,22.32,0.1991,-22.81,-17.916,-5.8629,8.2453,8.4967,5.899,-0.70365,-5.02,-9.3763,-6.8009,-0.28727,3.5391,11.843,9.1373,3.4109,-0.11116,-12.76,-11.171,-11.099,1.2975,14.962,17.087,8.7476,-1.7741,-15.305,-22.016,-17.382,2.6597,18.786,30.691,26.423,9.204,-14.784,-35.823,-34.639,-21.461,4.7852,29.341,42.806,23.416,-3.3118,-32.619,-45.989,-25.522,5.7449,27.29,36.899,15.436,-15.52,-28.485,-29.188,-13.261,1.8995,17.14,12.019,-2.7738,-8.356,-3.4496,8.9996,15.134,10.804,-4.5245,-11.702,-23.939,-3.8553,5.0371,19.008,23.891,15.62,-5.7861,-24.293,-26.746,-14.317,0.75767,15.077,20.803,6.6867,2.6428,-7.1472,0.86766,1.4738,0.70115,-2.4612,-3.813,-0.275,-0.8817,8.9795,15.884,11.263,-2.828,-14.419,-20.28,-15.268,3.66,14.562,20.909,21.006,9.4618,6.5659,-9.2147,-15.339,-18.528,-16.446,-14.316,4.8718,15.556,16.13
-4.6803,-8.1995,-6.0981,-4.0882,4.2445,11.316,16.636,10.519,-2.6675,-8.5094,-10.109,-9.2319,-6.5977,0.88075,2.1567,-0.21839,-3.6052,3.8139,4.8467,3.6564,-3.9796,-7.7745,-9.2923,-2.7438,4.0101,18.974,17.838,6.9017,-1.6086,-14.915,-9.088,-0.54403,12.343,10.043,1.5579,-5.0436,-8.3513,5.3014,12.92,14.937,5.1597,-1.9632,-14.534,-17.967,-6.8275,2.8909,4.5644,6.9054,1.1658,1.5628,-3.7168,-4.8783,-8.0513,-14.016,-6.5703,6.1387,13.969,13.755,12.673,1.0382,-9.5463,-13.008,-6.7483,10.022,16.778,12.911,-5.5683,-21.654,-30.904,-18.434,-0.57481,27.343,26.385,16.075,-0.93082,-22.455,-30.151,-20.961,-2.9721,4.8567,11.363,18.839,26.702,21.3,7.641,-11.147,-25.478,-39.23,-25.086,1.3222,44.806,59.491,41.305,-3.2218,-56.726,-77.261,-49.573,2.2739,62.052,83.79,58.85,2.9243,-48.48,-73.212,-51.111,-10.112,41.435,59.311,52.784,18.256,-20.589,-46.525,-46.622,-33.907,-5.6256,22.734,42.84,40.758,25.959,2.035,-22.24,-41.023,-42.366,-14.836,9.394,38.908,45.809,32.061,6.1781,-26.495,-45.705,-37.773,-20.909,9.3398,35.356,49.367,30.09,4.6092,-27.267,-50.243,-49.069,-21.417,17.714,50.471,64.256,38.941,1.879,-37.938,-51.554,-40.187,-8.3364,21.485,40.967,47.673,25.035,-3.0364,-28.495,-40.69,-35.4,-7.687,22.712,42.897,45.987,26.525,-6.5735,-38.472,-40.609,-23.247,-2.207,22.742,32.579,12.259,-4.1217,-14.414,-16.241,-9.2553,-3.0233,-1.6568,-6.2272,-8.7887,5.2596,22.437,24.462,12.057,-11.512,-35.411,-36.351,-6.217,26.402,48.863,46.638,11.065,-24.331,-45.545,-37.272,-9.3709,21.67,41.743,29.526,-2.7777,-21.258,-31.86,-13.35,10.779,23.511,15.916,-5.7008,-23.262,-17.501,-7.8471,12.709,17.041,9.4941,-10.75,-21.329,-18.149,-4.2204,12.419,28.408,20.378,4.8097,-16.675,-29.734,-26.312,-7.6492,18.92,34.295,23.326,9.4039,-19.46,-27.575,-24.666,-6.7336,14.816,22.15,16.827,1.278,-11.859,-17.047,-0.96491,15.186,32.006,25.943,-0.53303,-20.547,-38.69,-32.092,-2.8768,24.326,40.545,27.293,2.2309,-21.029,-31.689,-26.258,-5.6724
-2.316,-2.9036,-4.6032,-4.6141,-1.8631,4.6621,1.7701,13.053,18.884,14.093,-3.6353,-8.5619,-13.051,-17.003,-5.4335,4.7191,9.383,16.359,18,11.35,0.74033,-11.067,-25.459,-20.139,-9.2595,15.898,34.526,36.829,21.062,-7.8096,-34.283,-40.655,-26.84,3.3267,39.761,49.004,35.803,-6.7549,-38.555,-50.043,-32.159,11.093,32.832,37,23.887,-5.1047,-24.819,-22.435,-3.5322,12.607,19.62,16.92,2.604,-1.2921,0.0019084,6.3168,10.859,4.0878,-8.3837,-23.52,-25.021,-6.8506,24.818,40.408,39.938,18.566,-19.969,-44.516,-41.08,-16.562,23.456,39.788,30.029,3.5873,-27.475,-38.674,-25.691,4.7996,27.989,34.441,21.165,3.9932,-9.6976,-12.98,-17.346,-12.258,-13.676,-2.4367,8.0374,24.897,26.014,22.563,5.3479,-26.628,-44.525,-39.098,-8.8522,19.363,50.401,58.643,35.541,-4.7171,-41.623,-60.56,-47.768,-2.6488,29.947,49.583,45.554,23.4,-9.2929,-30.159,-34.424,-27.648,-6.7652,2.4863,17.272,21.708,26.746,26.933,4.8043,-20.829,-38.971,-39.35,-14.282,18.012,39.713,40.767,22.137,-14.201,-37.094,-40.878,-23.058,6.1348,38.217,48.896,28.884,5.1238,-24.39,-32.696,-30.898,-12.114,11.598,21.844,21.031,13.702,2.3183,-2.0107,-11.386,-11.732,-20.232,-18.184,-4.4416,13.737,29.789,31.845,28.292,2.6774,-29.266,-53.282,-49.263,-15.83,30.768,60.352,57.744,14.348,-26.752,-61.878,-54.542,-11.983,22.156,43.656,34.078,17.204,-12.313,-24.817,-16.877,-5.0434,2.0546,-0.033799,-3.6633,-11.359,-3.2692,13.999,25.746,24.53,10.805,-20.857,-36.973,-26.157,-11.179,16.929,41.052,44.878,21.243,-22.726,-45.647,-47.399,-24.616,12.896,35.986,35.771,10.173,-15.904,-26.478,-12.1,0.5989,10.616,11.381,-3.1035,-9.9337,-12.597,8.3204,28.377,22.648,3.5942,-19.016,-38.758,-31.123,-14.476,10.834,36.243,25.64,13.742,-5.0203,-17.783,-18.021,-5.3114,4.8595,4.3435,10.372,6.915,2.9987,7.4319,4.8939,-5.1893,-9.9789,-10.732,-6.0172,11.951,32.702,33.159,11.788,-22.571,-37.981,-39.876,-10.591,27.97,44.891,40.28,5.0273,-33.062,-49.142,-38.182,-4.2655,30.758
0.60567,3.8377,3.1542,2.742,3.9564,-7.586,-13.17,-11.134,-7.5515,0.93457,5.3252,11.077,5.869,1.4865,-6.0645,-11.58,-15.352,-11.299,-4.9678,8.2633,19.447,20.279,12.196,-10.513,-19.158,-24.205,-14.233,6.5107,25.464,21.768,16.845,-5.9091,-19.079,-20.049,-11.826,0.81829,8.5822,9.9021,12.432,8.1857,-1.4193,0.86873,-1.5607,-15.056,-16.166,-11.781,1.7797,13.246,20.403,23.474,7.318,-5.5516,-8.3983,-6.6891,-0.23513,6.0552,0.38372,-5.7049,-8.5133,-13.484,1.0731,11.39,13.482,8.6456,0.14471,-12.784,-19.942,-12.169,0.026535,11.261,19.063,16.994,5.2774,-6.0705,-10.966,-4.4579,2.8195,12.514,7.3463,-1.3621,-18.694,-14.725,-3.4473,6.8811,21.213,17.289,6.1046,-8.5782,-16.771,-15.863,-10.362,-1.1612,7.9087,12.254,19.047,15.964,10.268,-0.19581,-12.059,-23.364,-25.454,-6.4103,4.0163,26.021,29.194,23.849,-2.3136,-30.02,-50.368,-37.115,-13.1,32.801,48.407,45.254,18.134,-21.408,-52.09,-53.207,-20.283,12.911,40.951,35.682,20.314,-7.9024,-22.545,-24.572,-12.697,-9.3487,0.092465,5.6122,6.1215,15.366,15.481,8.8018,-4.5966,-19.545,-33.431,-25.011,-2.8615,28.043,43.323,32.484,5.7179,-19.781,-36.939,-35.962,-22.1,6.8511,26.099,33.196,28.864,2.5172,-17.446,-29.48,-21.102,-8.9807,14.191,23.876,23.634,14.585,2.6241,-6.0168,-20.072,-15.136,-8.9519,-1.5626,8.5199,12.84,12.676,8.7495,3.392,-12.347,-18.626,-18.756,-2.8664,11.395,23.684,26.83,19.146,-3.0508,-26.702,-35.976,-25.029,-3.1322,20.061,30.674,25.85,8.0481,-13.275,-25.753,-24.218,-7.9664,5.8491,10.085,6.7258,-2.5373,2.8404,5.5378,3.2205,2.5103,-9.5896,-16.499,-16.005,3.1032,24.572,27.766,8.2377,-17.885,-36.559,-31.391,-12.511,20.061,48.485,41.035,14.031,-25.312,-45.098,-35.023,-7.9687,26.84,36.215,20.184,-7.2125,-30.624,-34.411,-7.4174,18.045,43.927,25.078,-10.534,-37.308,-44.473,-17.157,25.7,58.062,51.77,1.5302,-50.917,-66.96,-35.291,28.389,65.511,64.316,13.526,-39.127,-61.575,-48.232,6.2133,47.946,52.817,15.285,-33.795,-55.975,-31.227,25.465,70.871
3.7493,-5.6538,-3.3288,-5.7465,-2.735,8.1619,9.5393,2.8212,-7.0877,-18.856,-19.723,-12.194,6.4611,25.364,30.609,24.388,2.4552,-19.185,-32.364,-28.837,-12.39,14.206,29.205,28.09,10.966,-6.7616,-20.003,-22.838,-15.102,-6.3414,-0.34945,-2.3628,4.3621,13.052,21.251,14.863,0.73073,-11.063,-22.017,-19.507,3.0984,22.99,43.939,29.523,6.5005,-29.125,-46.913,-30.774,-5.7043,30.945,34.724,19.988,-4.4333,-20.596,-15.134,3.1872,17.788,19.852,-4.8742,-27.095,-32.02,-16.271,19.512,47.594,45.087,8.5245,-29.038,-50.712,-33.698,-5.6099,31.252,42.182,19.964,-10.999,-47.775,-48.313,-20.255,17.854,45.796,48.75,16.469,-17.074,-44.516,-37.452,-22.211,4.0013,24.115,24.171,14.328,2.9693,-2.7964,-2.6052,-10.407,-10.869,-22.503,-13.749,1.4409,19.643,32.698,18.809,-4.6269,-25.467,-31.991,-23.231,2.289,22.495,36.183,19.284,-9.1592,-35.847,-36.839,-18.265,13.831,35.455,30.417,3.9147,-17.895,-29.7,-19.266,4.9187,23.747,22.238,-6.0807,-30.018,-32.375,-20.719,7.5083,28.042,27.725,18.805,-5.1568,-22.685,-17.296,-5.5444,7.1372,17.502,9.8484,-3.7163,-4.2195,4.6049,17.203,16.122,-1.2581,-24.946,-37.04,-26.4,5.3567,34.186,45.878,24.583,-11.112,-39.839,-43.553,-21.803,23.374,43.988,40.072,16.738,-14.957,-35.169,-29.844,-8.1231,10.706,20.957,17.491,4.9693,-5.7932,-15.253,-5.1372,7.2731,14.71,14.931,11.173,-7.4759,-21.405,-16.564,-8.0317,12.299,22.903,23.414,8.2943,-12.68,-25.142,-19.359,-10.839,11.98,28.891,22.607,3.3456,-14.809,-21.316,-13.754,-4.7264,12.997,15.705,8.6587,-4.5348,-9.8179,-16.106,-10.35,-5.5844,1.0506,13.11,19.415,17.903,10.215,-1.5761,-15.557,-27.554,-24.501,-13.268,7.0942,31.39,45.745,35.483,6.274,-29.655,-49.964,-44.243,-20.764,17.888,46.75,56.867,40.648,9.2356,-30.425,-48.778,-39.569,-22.299,8.3218,32.216,43.885,39.509,15.547,-16.849,-37.692,-46.832,-28.188,9.0513,40.989,61.092,49.426,11.299,-18.219,-47.107,-56.432,-36.327,-4.2967,22.085,40.283,44.332,28.582,1.7436,-23.934,-44.301,-49.406
-2.6228,0.17301,-3.445,-4.868,-5.2228,-1.6532,-2.4103,0.27959,11.01,18.715,17.392,2.1625,-27.468,-35.619,-31.923,-6.4643,25.573,39.083,38.203,9.281,-22.11,-45.046,-32.561,-6.4814,23.563,41.058,30.04,5.8943,-26.165,-32.136,-25.663,5.076,24.074,31.801,23.105,-1.7425,-10.185,-16.57,-7.9419,4.6463,2.7549,-2.4638,-12.666,-11.468,9.065,17.461,20.223,0.94522,-22.086,-30.29,-20.636,2.9256,30.807,36.659,23.27,-3.7424,-31.091,-40.342,-20.684,6.3617,25.23,29.746,15.582,-11.512,-22.062,-23.945,-8.2981,11.836,9.7084,2.7891,-2.9641,3.4613,8.5753,15.021,6.3418,-4.0867,-18.415,-26.8,-19.455,7.2727,24.199,35.119,26.368,5.3096,-16.503,-31.97,-33.512,-14.555,15.619,36.524,38.285,22.679,-5.8129,-36.19,-38.127,-24.858,3.1384,23.87,35.85,25.017,5.1061,-10.438,-20.996,-23.287,-9.5017,-2.6746,15.916,27.597,29.103,15.992,-2.6499,-26.502,-43.647,-35.157,-12.877,18.363,43.214,47.111,28.615,-11.8,-46.22,-61.398,-39.539,3.1265,46.343,57.61,41.249,0.14612,-35.852,-52.028,-41.949,-10.101,25.164,26.043,23.273,-2.1912,-18.676,-16.34,-2.7305,12.403,13.832,7.9269,-15.929,-15.862,-5.9752,6.8555,20.034,21.405,9.5208,-12.46,-25.285,-26.397,-10.563,6.3209,12.578,6.1686,2.5033,-11.107,-11.663,-7.758,0.46141,9.3585,12.297,2.8363,-11.493,-11.134,-3.715,11.167,14.132,6.5861,-3.6617,-20.913,-24.933,-10.54,17.78,37.208,29.347,4.1373,-25.259,-44.349,-31.851,1.0313,25.339,33.551,14.896,-8.2707,-28.365,-25.915,-7.2358,21.474,25.537,13.162,-11.532,-27.938,-26.373,-8.7347,22.508,31.819,31.056,2.5591,-25.478,-34.929,-24.865,3.7527,32.358,37.635,23.277,-6.9923,-25.019,-33.17,-27.839,-2.7081,21.987,36.853,28.117,9.1565,-12.179,-27.842,-37.745,-19.701,2.0592,19.008,27.218,21.54,11.304,-5.6303,-4.5372,-4.269,0.28349,-2.4271,1.9306,-3.7504,2.6041,6.6491,12.664,8.7407,-0.43449,-17.651,-15.999,-13.634,0.53863,20.447,27.896,17.339,4.0739,-8.4094,-17.485,-10.545,1.7307,4.5058,6.4459,8.466,2.2208,7.4938,7.2521,12.086
1.5601,1.0476,3.5758,5.0429,1.3112,4.6876,-6.3774,-6.3284,-9.813,-5.079,1.0078,5.1345,6.4811,9.8035,8.6428,5.4681,-4.292,-15.246,-27.064,-24.296,-9.2001,15.549,29.329,26.799,4.6134,-16.448,-34.226,-27.386,-0.43266,17.072,23.194,18.826,1.6157,-11.911,-21.301,-26.445,-23.907,-10.269,11.14,34.061,40.432,24.704,-1.1323,-34.55,-47.426,-34.963,-6.4393,27.397,48.113,38.813,8.5505,-24.804,-43.938,-29.272,-10.579,16.246,30.899,29.223,16.248,2.9739,-9.9604,-18.754,-15.116,-11.87,-7.1224,1.7838,15.243,22.252,22.663,8.2686,-5.8807,-23.24,-27.401,-19.714,3.0501,25.228,31.101,27.007,11.13,-8.8633,-26.75,-29.13,-20.09,-3.4391,20.755,29.523,29.718,15.019,-3.0864,-25.126,-28.388,-24.437,-6.5098,14.731,23.729,27.032,22.172,11.735,-7.135,-24.369,-39.054,-32.418,-12.244,16.399,39.74,36.789,21.127,-9.9649,-35.989,-39.853,-20.889,8.6488,30.541,37.255,23.901,-1.4437,-27.099,-44.087,-30.189,-3.4388,21.538,30.1,28.753,7.5319,-16.751,-30.869,-31.081,-11.664,7.6153,25.105,32.815,21.543,1.97,-16.514,-29.674,-24.708,-5.0081,9.6263,24.608,25.519,12.415,-11.909,-30.957,-31.545,-14.176,8.1679,27.262,41.769,34.272,8.9557,-23.096,-42.763,-34.666,-13.419,11.867,30.076,31.012,18.032,3.4365,-8.7204,-11.195,-7.2625,-19.205,-13.616,-4.636,15.767,24.799,25.507,15.84,-2.7796,-26.734,-30.558,-20.943,1.6901,19.236,19.831,14.868,-5.6112,-25.527,-23.702,-12.362,2.2266,18.892,19.62,6.3057,-8.2185,-19.536,-16.982,-19.666,-4.6704,8.2653,11.24,4.1946,0.4582,-11.83,-12.492,-5.7538,-0.33808,-2.782,-6.1835,-9.3243,-7.3212,2.1818,14.759,20.824,9.2522,-3.2172,-20.1,-12.679,0.0078876,18.63,21.681,5.879,-8.4722,-19.95,-18.879,0.79869,22.28,16.733,5.658,-7.9498,-16.689,-12.668,3.0558,13.129,6.1197,-0.96325,-11.531,-2.0176,5.9026,13.289,5.7014,0.29456,-20.977,-28.669,-17.964,-1.2069,21.742,26.231,19.976,8.1614,-9.0821,-19.289,-23.625,-19.82,-8.6551,16.078,25.883,25.358,13.104,-6.4322,-24.206,-27.116,-14.51,12.956,34.032
3.9693,-3.7373,0.76411,5.6729,-0.79101,-4.8474,-10.876,-10.119,3.6455,17.542,21.296,14.051,4.2563,-14.388,-15.442,-4.1519,8.6358,16.51,12.968,-5.002,-21.394,-12.411,-9.9842,9.2571,17.206,11.41,2.5485,-7.4548,-8.991,-7.5752,-0.30292,7.3842,9.2897,3.8554,-1.971,-13.012,-14.307,-3.817,2.4039,11.304,3.7697,-3.0586,-6.1338,-0.69164,14.834,20.028,19.478,-2.7843,-25.825,-34.524,-25.797,5.7872,29.481,39.563,25.026,-1.8638,-23.421,-37.315,-32.251,-3.5358,10.628,25.066,14.726,1.2828,-15.272,-24.923,-15.845,11.797,23.335,16.527,5.2322,-17.633,-26.968,-19.931,-1.1073,27.188,35.046,20.377,3.5351,-18.874,-27.602,-22.084,-2.5487,25.001,30.039,23.045,-3.9929,-24.289,-34.567,-26.909,5.4855,28.399,29.675,15.146,-3.2962,-21.814,-22.679,-5.3451,16.138,16.522,4.466,-15.539,-26.194,-18.362,-0.70524,21.856,28.11,12.207,-4.3644,-15.232,-14.937,-3.9309,0.21604,4.8788,0.27125,3.5524,1.0592,7.6404,8.1067,0.18976,-8.3141,-14.659,-17.99,-4.8927,12.599,13.353,13.711,5.0888,-11.61,-15.163,-3.7976,1.3678,8.9002,4.7977,3.2589,1.1453,1.523,0.24203,-3.3764,7.7577,7.5368,10.348,6.8192,0.12146,-9.6367,-14.171,-12.273,-8.2566,6.064,11.828,18.052,5.7157,-2.6481,-15.526,-15.47,-8.953,-6.1084,3.8923,7.9856,12.561,15.092,20.178,7.8657,-8.7543,-19.124,-16.836,0.36039,16.465,36.542,20.627,1.189,-22.674,-34.104,-14.314,8.6319,28.511,30.527,6.2069,-21.784,-32.996,-28.554,6.5158,38.194,48.733,21.138,-18.534,-48.967,-49.37,-21.081,29.028,61.51,51.668,7.3679,-44.679,-68.167,-48.911,-0.28782,41.227,53.246,30.651,-5.2131,-24.05,-19.411,1.3622,11.691,7.7641,-10.495,-18.219,-11.178,12.655,30.752,32.889,7.1983,-32.507,-54.639,-43.687,-0.41337,42.927,66.453,49.45,-0.22572,-48.178,-69.324,-38.974,9.0939,49.709,54.264,29.698,-18.891,-47.654,-47.587,-3.8671,23.668,38.021,21.107,-5.7335,-23.684,-28.216,-3.726,17.8,18.185,2.97,-22.516,-36.822,-19.305,15.49,48.706,51.786,25.551,-25.364,-63.072,-60.733,-14.278,39.772,70.323,54.74
-0.7509,-5.582,-3.413,-0.59726,2.7348,7.1279,11.792,16.002,13.618,2.5321,-15.347,-18.692,-19.111,-7.9439,9.4189,24.002,18.069,7.1615,-11.132,-19.081,-14.813,-5.5856,7.3267,18.827,19.42,4.541,-14.497,-8.4229,-6.4242,1.3275,5.6165,2.1222,-3.9842,-8.7546,-2.5993,12.409,23.624,17.441,-1.201,-26.292,-27.855,-22.024,-3.2204,14.941,29.268,22.799,4.2514,-6.8463,-21.793,-17.193,-4.8009,7.1992,2.9222,1.4462,-2.254,-5.1627,1.8145,10.709,14.194,1.9224,-16.248,-24.821,-22.316,-8.3162,13.979,19.849,18.494,-4.0077,-23.42,-24.049,-2.7702,16.745,27.163,16.085,-1.1401,-23.691,-36.233,-19.883,3.0246,28.63,33.363,23.016,-11.235,-36.6,-33.267,-17.068,20.087,27.916,26.658,4.3478,-17.04,-28.697,-11.882,7.8926,28.843,17.331,0.21574,-18.328,-21.941,-12.445,4.9778,22.625,24.731,10.912,-11.418,-30.596,-32.426,-19.833,-0.39818,25.175,29.047,20.15,0.049809,-18.234,-28.589,-20.351,-4.8602,18.034,19.691,17.969,-6.1325,-24.738,-24.413,-12.063,9.9428,25.995,27.976,8.3513,-21.687,-36.089,-32.833,-1.3989,33.455,54.522,37.201,3.9984,-35.857,-48.348,-38.321,9.4696,45.605,46.706,29.208,-6.0581,-28.861,-40.451,-25.409,-5.3854,13.909,13.719,7.7543,4.6673,2.1823,-1.1147,-3.1817,-12.522,-28.33,-21.914,-7.4056,7.9066,24.947,27.132,13.422,-15.032,-28.769,-34.79,-18.073,11.025,30.257,35.493,22.517,0.44065,-24.911,-34.96,-29.996,-10.207,13.267,21.699,28.403,13.498,-2.0879,-18.534,-25.269,-27.416,-16.394,7.038,29.266,37.038,21.828,1.9853,-12.875,-17.778,-19.646,-10.016,-0.3211,5.1615,14.523,17.627,17.115,5.3197,-9.0793,-22.769,-20.323,-9.0774,-3.1898,9.6912,13.543,18.393,14.953,7.8673,2.3593,-14.636,-26.453,-26.726,-0.8048,25.048,36.666,34.207,8.1764,-35.278,-54.532,-39.357,-6.3218,31.604,46.418,36.047,4.3265,-21.888,-27.757,-23.981,-3.6467,16.247,12.771,5.8007,4.2706,6.7301,15.676,10.532,-6.4451,-27.784,-38.537,-25.287,3.2968,37.365,52.415,33.815,-2.3367,-34.733,-55.332,-37.459,1.4192,34.456,53.5,37.65,-2.4375,-34.145
2.1171,-4.3207,-7.3292,-8.7266,-6.2528,7.8959,17.921,21.218,13.238,-9.0821,-22.517,-16.802,-14.75,9.8428,28.612,20.525,7.2155,-21.157,-27.947,-17.65,0.068073,19.216,15.747,10.796,-14.866,-24.495,-13.157,6.539,27.071,29.67,7.7703,-20.343,-37.898,-31.555,3.5539,29.454,36.129,25.191,1.0706,-21.871,-22.231,-11.99,4.318,8.9899,12.015,-1.9398,-10.888,-10.905,-3.4746,16.117,17.59,7.539,-10.129,-30.056,-27.056,5.91,37.323,46.121,22.251,-21.081,-52.89,-58.427,-23.203,22.024,61.123,59.615,21.736,-23.32,-57.166,-45.158,-11.356,25.272,39.572,25.661,-5.1275,-25.036,-23.69,-0.82328,16.728,26.228,7.8928,-23.333,-37.316,-22.646,8.5614,39.414,37.181,18.97,-16.182,-37.621,-34.654,-5.3775,25.431,39.918,17.672,-8.0505,-32.711,-33.703,-12.58,15.962,24.354,13.735,-17.688,-23.54,-15.502,6.1059,24.335,21.335,4.7586,-16.759,-28.218,-11.285,26.977,39.508,30.589,-1.336,-41.147,-45.622,-20.241,22.398,50.684,42.642,11.364,-29.624,-48.971,-36.908,-6.5564,26.276,38.861,30.271,5.9691,-26.425,-29.387,-14.281,1.1621,9.1894,5.9935,0.3337,-1.042,5.682,12.61,5.7714,-5.7365,-24.151,-31.218,-21.006,10.477,35.154,40.775,20.357,-15.185,-48.474,-56.073,-23.286,17.272,53.181,51.732,18.972,-23.049,-53.71,-47.925,-8.4294,28.04,47.066,41.566,14.444,-22.743,-30.138,-20.268,3.4104,16.89,22.663,4.76,-10.8,-12.162,-0.94754,5.1333,10.17,5.2146,-12.014,-20.502,-11.072,7.3957,20.623,14.042,2.571,-11.716,-12.421,-5.4646,9.8335,21.795,23.256,4.1861,-17.849,-30.631,-36.647,-7.2668,25.801,39.322,30.255,6.9274,-23.846,-31.474,-18.01,6.17,15.899,9.7113,-2.5468,-12.897,-12.516,3.8386,17.738,17.357,-1.2139,-19.721,-32,-19.501,2.5423,25.561,27.128,8.7417,-11.898,-19.688,-12.696,4.1951,11.637,-2.3221,-17.361,-21.345,-17.706,9.1758,35.951,43.196,9.4792,-27.131,-55.307,-40.28,-4.9072,38.655,54.949,29.353,-4.7699,-38.089,-43.951,-27.18,2.6238,26.316,19.924,6.1044,-9.9631,-16.029,-9.5599,3.3855,0.66371,2.785,-12.501
-5.1866,-3.6978,-6.4615,-0.32039,-3.8264,1.352,0.44601,3.0843,-2.4979,-5.8192,-2.7727,-5.9281,-3.9379,1.7427,3.8894,10.814,4.667,-3.0434,-5.635,2.2078,0.97134,4.8019,7.6009,-1.6434,-11.18,-12.785,1.1701,11.294,14.146,6.8412,-11.202,-20.963,-7.7109,9.5641,31.406,32.586,14.851,-17.242,-41.239,-38.193,-11.936,31.14,49.829,42.961,9.6932,-33.41,-50.303,-40.555,-8.007,22.096,30.857,16.066,-5.3942,-19.644,-21.407,-11.122,6.6026,20.203,13.289,-11.674,-24.244,-33.464,-10.071,9.2717,30.284,20.788,8.1322,-7.8388,-12.499,-14.145,-2.0883,6.5569,9.0757,3.8139,-3.2047,-2.0692,1.9721,1.6317,0.0043988,-3.1817,-5.0888,1.1789,11.405,9.3213,3.6446,-5.8121,-10.483,-7.0963,3.2149,12.582,6.6403,-9.1054,-23.637,-30.421,-10.396,13.102,43.018,37.041,14.541,-29.787,-40.08,-34.938,4.8488,38.443,47.655,20.733,-13.588,-32.974,-30.863,-3.8025,23.121,24.534,2.4837,-19.051,-29.893,-15.06,13.135,31.738,30.542,4.5459,-32.011,-47.704,-29.179,6.6197,41.073,39.375,16.507,-20.299,-40.309,-33.483,0.48532,31.729,28.076,13.833,-16.055,-38.699,-28.152,2.9269,33.503,31.555,7.1236,-15.924,-31.79,-21.606,4.5216,39.977,35.34,7.0654,-32.221,-48.398,-35.035,5.082,44.135,43.646,11.372,-18.834,-43.423,-35.353,-0.96304,26.114,42.346,23.371,-10.158,-28.53,-27.247,-8.3521,12.098,23.71,17.312,-5.0338,-11.277,-3.9038,9.0626,19.821,8.5266,-7.3868,-27.717,-27.595,-7.7439,22.409,39.164,25.031,-8.3702,-40.269,-51.915,-26.613,15.145,49.663,51.555,26.886,-10.215,-37.295,-45.776,-25.598,9.4562,40.181,44.259,23.25,-5.9219,-24.893,-21.916,-8.6546,9.5814,5.4443,2.3074,-6.4962,-14.224,6.8405,19.536,28.683,21.877,-9.1371,-29.706,-39.72,-30.117,5.0411,36.39,52.433,31.803,-5.804,-45.233,-54.416,-41.458,-2.5971,42.464,63.231,49.928,11.363,-24.059,-44.807,-41.337,-18.908,14.061,39.751,34.505,20.16,-1.6522,-15.294,-32.353,-23.365,-9.4601,11.06,26.299,27.993,13.019,-7.981,-23.66,-29.032,-11.19,6.6966,29.015,28.976,17.484,0.75657,-19.474,-26.074
4.1437,1.3495,3.2748,-0.10931,1.0077,-3.4249,-3.7132,-0.11953,5.1857,-1.6194,0.38562,4.0047,0.5686,1.4125,-1.2049,-3.4347,-11.589,-13.911,-6.0004,13.78,26.993,30.765,21.269,1.8592,-22.247,-39.752,-34.172,-10.931,23.701,33.734,32.695,8.4125,-18.441,-40.917,-40.023,-13.276,13.859,32.892,43.402,23.996,-11.433,-33.602,-34.271,-11.194,4.7592,22.113,21.339,5.9238,1.3083,-6.0254,-17.155,-15.422,-23.533,-20,-3.8981,11.959,32.288,31.341,18.277,-1.4994,-26.507,-30.645,-17.688,-6.913,10.567,15.809,7.2843,11.172,5.2262,8.9942,5.9893,-9.508,-21.222,-22.265,-15.836,-1.9883,20.809,26.355,23.821,0.10621,-15.109,-15.429,-8.9855,1.1792,9.2903,9.1388,7.1335,-1.2841,-7.1609,-5.078,-2.9115,5.0518,3.5344,-1.0294,-10.588,-11.505,0.71052,10.799,18.36,11.876,12.183,-6.3107,-17.76,-19.558,2.8204,14.045,20.868,17.772,-6.702,-18.997,-27.385,-20.331,4.7257,22.136,33.005,24.904,-0.20429,-25.978,-38.934,-40.052,-8.7661,14.165,31.982,32.523,12.818,-6.0881,-23.082,-29.151,-31.041,-10.745,8.2002,24.009,32.489,28.201,5.3395,-8.2282,-26.633,-25.947,-16.965,3.139,19.426,22.98,20.057,5.8059,-7.0229,-19.161,-16.592,-7.975,-9.6072,-8.1214,-0.1882,8.3895,14.778,8.0162,3.2989,-6.0843,-14.06,-12.349,1.1355,17.26,24.068,21.083,-0.16696,-19.609,-27.339,-12.914,1.1918,15.275,15.427,6.6232,-7.2463,-8.0576,3.0536,7.7643,9.1618,7.7656,1.5426,-5.2287,-4.1825,4.3671,11.257,15.755,-1.0648,-9.3383,-18.538,-19.535,-1.8516,13.364,29.716,27.428,7.1619,-22.541,-35.903,-26.842,-8.1736,20.051,39.537,35.505,6.906,-24.902,-36.439,-29.521,-0.25629,26.151,37.617,18.341,-0.41981,-11.686,-6.1262,4.7819,12.429,3.7264,-10.651,-15.303,-2.7966,18.908,33.671,28.739,-3.8043,-36.535,-55.086,-35.434,11.517,59.038,69.393,30.228,-20.092,-58.287,-56.405,-15.764,36.564,63.765,49.457,-10.123,-51.502,-62.622,-39.836,11.683,46.915,45.928,17.573,-20.38,-35.428,-31.546,-10.662,16.22,23.701,20.53,2.1071,-11.858,-18.704,-14.268,3.3037,17.294,11.471,-2.41
-0.52908,6.1381,3.1524,5.0519,3.2778,2.9698,-4.6785,-6.8488,-7.3623,0.30258,10.398,9.5054,3.4714,-11.755,-17.573,-18.129,0.41933,15.766,27.956,21.946,-2.81,-27.533,-33.649,-12.676,17.301,39.475,40.234,20.365,-17.77,-41.914,-41.089,-24.572,13.412,34.698,37.679,19.52,-7.5808,-19.706,-29.268,-16.141,1.824,14.323,15.932,14.596,11.936,-2.1112,-5.9391,-13.283,-13.52,-19.623,-11.128,4.5624,21.803,28.782,28.419,7.4765,-23.656,-42.055,-33.737,-12.448,22.307,43.297,38.715,15.246,-15.842,-40.335,-42.941,-15.449,12.666,25.657,23.537,16.1,4.5042,-7.9461,-4.5214,-6.5599,-13.024,-18.437,-6.5951,11.915,28.322,40.308,21.223,-19.377,-47.103,-52.217,-25.519,24.877,56.501,58.523,33.816,-10.529,-51.585,-50.972,-27.284,7.8004,31.583,36.696,17.559,-3.548,-16.328,-23.55,-13.399,-2.1379,3.9227,-1.8638,1.7277,12.652,22.549,28.613,6.3627,-20.961,-47.62,-54.722,-26.539,20.038,60.457,71.753,34.924,-20.342,-64.308,-78.837,-45.193,12.473,52.485,60.375,30.775,-16.623,-41.516,-40.292,-11.808,17.536,33.271,23.032,8.5635,-11.447,-16.631,-9.5389,0.39829,8.7626,2.5139,-11.212,-13.442,-5.0414,9.8156,25.197,22.92,5.0539,-9.3313,-27.435,-23.854,-12.646,0.041993,16.775,10.366,11.623,2.572,-5.7247,-14.479,-10.037,-9.28,-3.6618,1.9858,18.923,20.869,18.335,3.352,-16.164,-30.676,-24.533,5.695,17.542,32.916,26.281,1.9329,-14.627,-28.72,-22.074,-3.8963,16.169,15.072,6.9869,-4.6384,-3.6954,-7.2976,-6.1088,-2.6897,-2.9124,-0.75898,6.8345,10.604,14.019,11.753,-0.30461,-10.7,-10.562,-4.0119,18.754,24.953,24.787,4.0381,-19.997,-31.867,-29.821,-6.3539,11.199,21.342,17.54,5.5305,-12.292,-22.388,-14.087,-0.1439,13.919,19.24,20.688,10.749,-0.4805,-5.6677,-14.885,-19.97,-9.2445,6.1704,18.651,26.463,18.242,3.5973,-16.425,-28.595,-34.574,-18.561,6.9279,33.578,41.335,31.191,10.938,-19.175,-39.266,-45.386,-33.886,-11.342,21.256,47.158,51.233,27.057,-9.0958,-37.418,-50.295,-41.424,-6.1389,27.548,50.106,45.273,14.011,-16.797,-37.032
-1.8683,1.2302,-2.2665,0.31978,-1.1174,1.8495,2.0337,3.1385,-0.96511,-4.689,-4.5597,-1.1472,-1.9839,-5.39,-9.0337,-4.8714,-3.7907,9.4959,13.99,10.748,-2.398,-15.934,-23.891,-15.75,-1.6913,20.166,36.466,24.597,11.696,-17.893,-36.777,-32.67,-17.23,13.758,22.048,25.898,6.6523,-13.123,-19.455,-17.097,-4.4756,8.6239,17.704,12.633,-0.14027,-6.8373,-5.2921,0.88215,7.5533,-2.5474,-10.132,-16.039,-0.6566,17.589,28.09,26.785,4.4425,-22.457,-27.349,-13.094,11.559,30.708,27.759,0.8552,-21.344,-27.932,-5.3573,22.971,33.516,23.576,-10.07,-38.344,-38.369,-12.28,19.793,39.208,34.185,3.5188,-31.688,-35.456,-29.418,0.65918,31.349,45.508,26.96,-1.074,-26.509,-32.807,-19.453,2.9145,17.48,24.117,24.314,13.627,2.2989,-8.3523,-22.476,-31.964,-30.116,-12.056,12.771,39.162,44.859,28.826,-3.5378,-36.706,-54.08,-49.922,-12.905,21.303,55.175,58.432,29.127,-1.1823,-31.211,-40.054,-28.241,-7.0861,9.6445,21.096,23.035,12.204,8.4625,-5.9394,-11.651,-29.607,-33.503,-22.955,8.8452,42.973,64.146,44.27,-3.7896,-64.583,-84.055,-55.34,9.8673,70.576,95.021,69.171,-1.694,-58.418,-88.412,-64.583,-6.5185,39.501,62.264,50.649,20.333,-13.785,-33.072,-41.722,-27.781,-15.334,0.23472,20.928,33.333,46.352,34.246,-2.2189,-35.944,-66.967,-70.591,-28.433,31.072,71.462,78.321,44.789,-16.786,-71.577,-92.01,-56.374,-4.5725,56.425,77.105,64.255,18.636,-33.337,-60.872,-62.078,-36.307,9.8448,34.698,50.013,39.001,12.026,-18.371,-41.009,-47.905,-29.002,-4.2688,19.611,32.861,26.85,12.547,-8.1242,-20.943,-24.062,-28.903,-18.433,-3.3532,13.114,40.976,40.983,27.571,-13.87,-52.987,-68.211,-58.322,-6.5138,41.333,75.557,72.905,29.45,-23.275,-62.322,-63.291,-38.497,10.978,50.436,68.375,52.085,18.377,-25.956,-52.769,-51.282,-27.941,7.8151,32.406,42.578,29.378,11.427,-11.156,-22.293,-28.507,-30.884,-22.184,-1.9325,15.709,36.219,42.708,25.199,-3.9813,-28.071,-39.044,-25.887,4.6985,39.505,48.966,29.786,-6.7645,-33.756,-43.028,-24.222,16.484,42.031
-4.0345,7.1271,1.6033,-4.1582,-11.541,-13.755,-12.497,0.95014,2.8805,12.4,7.9259,4.2306,-10.071,-15.149,-15.537,-11.643,-8.1643,8.3647,17.352,24.155,15.107,-1.3538,-22.896,-28.219,-14.64,11.05,27.767,35.839,14.441,-4.6082,-23.546,-22.388,-5.9606,19.046,29.453,16.593,-2.6332,-20.221,-27.805,-21.584,-0.086476,20.431,22.988,17.918,4.2383,-15.049,-18.802,-16.518,-9.4285,1.4546,9.5177,9.6218,16.745,14.728,12.356,-6.8195,-13.994,-30.147,-24.841,-8.8829,19.428,38.02,31.607,10.587,-16.458,-39.846,-36.495,-13.278,13.5,26.147,31.725,18.521,-5.6303,-17.055,-21.037,-13.946,-3.6773,0.51506,3.1015,9.5999,10.211,8.8523,9.6702,2.2553,-7.341,-21.916,-16.292,-11.238,2.6787,20.292,35.159,24.473,4.715,-16.797,-35.587,-34.902,-18.546,6.2105,33.72,37.984,21.472,-4.0154,-20.782,-29.174,-20.596,-2.5297,7.8445,13.684,11.475,11.353,11.205,7.1326,0.99057,-11.615,-23.75,-20.949,-4.609,22.354,34.742,20.363,-11.661,-33.141,-38.335,-20.89,10.491,43.013,37.934,11.832,-17.701,-39.018,-31.419,-7.9445,21.663,32.684,20.454,-4.4911,-24.429,-29.865,-13.25,11.602,26.076,22.896,2.8284,-13.961,-24.718,-13.742,5.5396,20.113,28.192,11.166,-14.853,-30.066,-29.281,-3.357,14.276,23.621,16.641,-0.14281,-12.94,-10.452,-1.5069,8.9034,2.0118,-6.8935,-10.16,2.941,21.952,28.85,14.686,-11.506,-35.437,-48.965,-24.983,18.548,50.611,57.881,30.68,-19.033,-55.046,-50.361,-24.55,17.889,47.136,42.49,15.883,-20.75,-36.521,-28.871,-4.2605,16.758,25.873,17.468,-4.7844,-12.644,-15.064,-6.9792,-0.67859,2.4474,5.3061,1.2846,10.068,11.62,10.191,-3.9647,-17.404,-28.1,-16.006,3.6081,28.447,30.792,17.391,-14.43,-45.352,-48.343,-20.935,21.441,51.909,54.877,39.445,-11.373,-48.084,-64.761,-38.052,0.30775,36.716,45.949,30.297,6.0516,-21.31,-33.936,-19.344,-2.6139,13.001,16.805,11.14,2.5191,-3.6188,5.9387,8.2976,-0.31878,-8.5818,-20.872,-30.832,-22.506,2.2554,18.631,32.848,20.944,-0.075944,-25.339,-34.413,-22.061,6.9122,20.766,33.299,26.12
2.1529,2.1514,-1.9778,-6.0445,-7.3171,-10.196,-6.4104,5.0949,19.417,20.28,9.1405,-7.1483,-28.846,-37.899,-25.565,9.6168,44.754,48.269,31.306,-9.7768,-42.018,-51.582,-23.975,12.233,43.32,36.85,17.658,-13.763,-24.78,-2.9516,6.6065,19.255,8.5547,-8.2094,-25.464,-25.788,-2.9801,22.82,39.492,20.838,-8.1709,-39.159,-42.932,-12.717,12.782,39.143,36.029,16.624,-13.336,-27.928,-35.603,-16.248,0.31088,13.759,19.177,14.966,0.8695,-4.6467,-11.319,-12.447,-9.2939,-8.9011,1.7456,10.105,13.951,12.615,9.3123,-2.0162,-18.451,-19.462,-12.872,1.4552,5.2191,16.207,7.7291,10.001,-1.2421,-9.5435,-9.9965,-10.663,-1.6673,2.2405,6.1456,3.2703,0.40071,-4.2757,-0.55398,1.7777,-0.048923,-6.1284,-0.34946,8.8827,14.728,22.541,15.532,-1.8956,-26.506,-37.34,-21.151,3.2496,28.44,37.327,23.637,-4.4309,-29.817,-34.631,-16.584,15.264,29.8,25.509,12.078,-15.054,-21.15,-7.7355,-2.183,4.5467,10.582,-4.1273,-10.079,-1.5732,14.287,23.014,12.7,-9.9376,-28.001,-31.967,-14.452,11.458,29.524,31.554,7.7041,-15.247,-30.073,-25.364,3.8498,22.642,35.263,15.883,-17.639,-42.516,-43.331,-9.0566,28.102,54.47,49.342,18.67,-34.059,-60.13,-59.073,-18.344,31.281,54.528,52.596,17.351,-18.927,-42.616,-40.396,-12.201,17.802,34.548,26.58,5.6105,-8.2623,-7.58,-12.5,0.63369,2.6084,-4.1512,-8.1056,-2.9391,9.0804,23.594,22.409,11.558,-21.056,-38.464,-39.786,-14.772,23.71,49.721,45.724,30.001,-6.8726,-40.16,-48.772,-20.87,13.97,31.832,35.94,16.496,-10.014,-21.542,-19.839,3.6265,4.7432,8.59,-4.0577,-12.256,-17.817,-8.8616,11.117,24.724,20.972,5.2455,-17.342,-22.796,-11.435,10.972,30.467,29.986,7.4871,-21.464,-36.963,-25.423,3.5623,33.043,38.599,21.398,-7.8403,-34.339,-35.384,-15.651,10.976,27.912,30.651,16.302,-11.081,-26.158,-24.448,-15.592,3.2352,19.055,16.588,6.203,-9.2397,-16.853,-11.472,-0.41636,14.755,18.942,11.754,-5.3925,-12.819,-10.352,-2.9956,4.6572,10.291,9.1388,2.6114,-3.1125,-2.7984,-1.2533,2.4712,4.2885,-7.9725,-12.779
